studentId,courseId,gradeLevel,late_submission_rate,Score_Month_1,Score_Month_2,Score_Month_3,Score_Month_4,TimeSpent_Month_1,TimeSpent_Month_2,TimeSpent_Month_3,TimeSpent_Month_4,finalScore,totalTimeSpentMinutes,course_duration_days,score_change_month_2,score_change_month_3,score_change_month_4,time_change_month_2,time_change_month_3,time_change_month_4,score_variance,score_std,time_variance,time_std,avg_monthly_score,avg_monthly_time,total_active_months,max_monthly_score,min_monthly_score,score_per_minute,monthly_score_per_minute,early_avg_score,late_avg_score,score_improvement,early_avg_time,late_avg_time,time_trend,declining_performance,low_engagement,inconsistent_performance,risk_score,early_score_variance,early_time_variance,early_time_score_ratio,early_engagement,weighted_early_score,early_trend,at_risk_prediction,at_risk_probability,not_at_risk_probability,risk_status,prediction_confidence
170480112,CRS030597,12,0.0,51.4,0.0,0.0,0.0,57.0,0.0,0.0,0.0,45.5,115,70,-51.4,0.0,0.0,-57.0,0.0,0.0,660.4899999999999,25.7,812.25,28.5,12.85,14.25,1,51.4,0.0,0.39565217391304347,0.9017543859649123,17.133333333333333,0.0,-51.4,19.0,0.0,-57.0,1,1,0,0.7753487577639752,880.6533333333333,1083.0,1.1089494163424125,0.3333333333333333,8.566666666666666,0.0,1,0.6355713310400012,0.36442866895999865,At Risk,Low
170480112,CRS055075,12,0.0,70.4,0.0,75.06666666666666,0.0,210.0,0.0,184.0,0.0,76.5,437,98,-70.4,75.06666666666666,-75.06666666666666,-210.0,184.0,-184.0,1767.0088888888888,42.035804844071784,13049.0,114.23221962301179,36.36666666666667,98.5,2,75.06666666666666,0.0,0.17505720823798626,0.3692047377326565,48.48888888888889,37.53333333333333,-32.866666666666674,131.33333333333334,92.0,-118.0,1,0,0,0.6206647773900069,1768.8237037037038,13105.333333333332,2.70852428964253,0.6666666666666666,49.26666666666667,4.666666666666657,1,0.6811975650573318,0.31880243494266813,At Risk,Low
170480112,CRS214366,12,0.0,0.0,77.1,0.0,0.0,0.0,703.0,0.0,0.0,76.3,1396,126,77.1,-77.1,0.0,703.0,-703.0,0.0,1486.1024999999997,38.55,123552.25,351.5,19.275,175.75,1,77.1,0.0,0.05465616045845272,0.1096728307254623,25.7,0.0,0.0,234.33333333333334,0.0,0.0,0,0,0,0.6351763457556936,1981.4699999999993,164736.3333333333,9.118028534370948,0.3333333333333333,25.7,0.0,1,0.6437610781972345,0.3562389218027654,At Risk,Low
170480112,CRS341446,12,0.0,62.2,0.0,0.0,0.0,101.0,0.0,0.0,0.0,62.2,101,138,-62.2,0.0,0.0,-101.0,0.0,0.0,967.21,31.1,2550.25,50.5,15.55,25.25,1,62.2,0.0,0.6158415841584158,0.6158415841584158,20.733333333333334,0.0,-62.2,33.666666666666664,0.0,-101.0,1,1,0,0.7635390269151139,1289.6133333333335,3400.333333333334,1.6237942122186493,0.3333333333333333,10.366666666666667,0.0,1,0.6355713310400012,0.36442866895999865,At Risk,Low
170480112,CRS348039,12,0.3333333333333333,0.0,47.1,47.06666666666666,0.0,0.0,141.0,312.0,0.0,48.4,505,119,47.1,-0.033333333333338544,-47.06666666666666,141.0,171.0,-312.0,738.9469444444444,27.183578580540942,21974.25,148.23714109493613,23.541666666666664,113.25,2,47.1,0.0,0.09584158415841584,0.2078734363502575,31.388888888888886,23.53333333333333,23.53333333333333,151.0,156.0,156.0,0,0,0,0.6428700039519721,738.947037037037,24411.0,4.810619469026549,0.6666666666666666,39.23333333333333,-0.033333333333338544,0,0.04788807100034318,0.9521119289996568,Not At Risk,Low
174958013,CRS030597,12,0.0,93.25,0.0,0.0,0.0,421.0,0.0,0.0,0.0,93.8,462,70,-93.25,0.0,0.0,-421.0,0.0,0.0,2173.890625,46.625,44310.25,210.5,23.3125,105.25,1,93.25,0.0,0.20303030303030303,0.22149643705463182,31.083333333333332,0.0,-93.25,140.33333333333334,0.0,-421.0,1,0,1,0.6895239389233954,2898.520833333334,59080.33333333333,4.514745308310992,0.3333333333333333,15.541666666666666,0.0,1,0.556022829689246,0.443977170310754,At Risk,Low
174958013,CRS214366,12,0.25,93.15,90.025,0.0,0.0,785.0,664.0,0.0,0.0,89.6,1449,126,-3.125,-90.025,0.0,-121.0,-664.0,0.0,2797.7176562500003,52.89345570342328,177406.91666666666,421.19700457940894,45.79375,362.25,2,93.15,0.0,0.06183574879227053,0.12641476880607316,61.05833333333334,0.0,-93.15,483.0,0.0,-785.0,1,0,1,0.3768181614068465,2798.531458333334,178627.0,7.910468131568172,0.6666666666666666,45.53333333333334,-3.125,1,0.748870441638909,0.25112955836109085,At Risk,Low
174958013,CRS341446,12,0.0,0.0,87.2,0.0,0.0,0.0,115.0,0.0,0.0,87.2,115,138,87.2,-87.2,0.0,115.0,-115.0,0.0,1900.96,43.6,3306.25,57.5,21.8,28.75,1,87.2,0.0,0.7582608695652174,0.7582608695652174,29.066666666666666,0.0,0.0,38.333333333333336,0.0,0.0,0,1,0,0.7543904761904763,2534.6133333333337,4408.333333333333,1.3188073394495414,0.3333333333333333,29.066666666666666,0.0,1,0.729590511942445,0.27040948805755494,At Risk,Low
174958013,CRS348039,12,0.0,0.0,95.8,95.16666666666667,0.0,0.0,520.0,103.0,0.0,96.7,691,119,95.8,-0.6333333333333258,-95.16666666666667,520.0,-417.0,-103.0,3039.0891666666666,55.12793454018268,61325.583333333336,247.64002772842144,47.74166666666667,155.75,2,95.8,0.0,0.13994211287988423,0.3065275548421616,63.65555555555556,47.583333333333336,47.583333333333336,207.66666666666666,51.5,51.5,0,0,1,0.5425620285006553,3039.122592592593,75816.33333333334,3.262349450165823,0.6666666666666666,79.51666666666667,-0.6333333333333258,1,1.0,0.0,At Risk,Low
174958013,CRS902591,12,0.0,93.1,93.9,0.0,0.0,352.0,129.0,0.0,0.0,93.8,481,126,0.8000000000000114,-93.9,0.0,-223.0,-129.0,0.0,2914.19,53.983238139259484,27568.25,166.03689349057336,46.75,120.25,2,93.9,0.0,0.195010395010395,0.3887733887733888,62.333333333333336,0.0,-93.1,160.33333333333334,0.0,-352.0,1,0,1,0.5746305549534672,2914.2433333333333,31712.333333333336,2.572192513368984,0.6666666666666666,46.81666666666666,0.8000000000000114,1,0.7696989707179205,0.2303010292820794,At Risk,Low
189831090,CRS030597,12,0.0,39.5,36.55,0.0,0.0,43.0,448.0,0.0,0.0,36.3,536,70,-2.950000000000003,-36.55,0.0,405.0,-448.0,0.0,483.4172916666667,21.986752640321097,47427.583333333336,217.77874858060264,19.0125,122.75,2,39.5,0.0,0.06772388059701492,0.15488798370672097,25.349999999999998,0.0,-39.5,163.66666666666666,0.0,-43.0,1,0,0,0.6472546905808492,484.1425,61096.33333333334,6.4562787639710715,0.6666666666666666,18.766666666666666,-2.950000000000003,0,0.2418908820191066,0.7581091179808936,Not At Risk,Low
189831090,CRS055075,12,0.5,64.1,67.35,0.0,0.0,171.0,65.0,0.0,0.0,65.9,286,98,3.25,-67.35,0.0,-106.0,-65.0,0.0,1441.6856249999998,37.96953548570222,6514.0,80.7093550959243,32.8625,59.0,2,67.35,0.0,0.23041958041958044,0.5569915254237288,43.81666666666666,0.0,-64.1,78.66666666666667,0.0,-171.0,1,0,0,0.6627652873275122,1442.565833333333,7450.333333333333,1.7953594522632181,0.6666666666666666,33.13333333333333,3.25,0,0.44766836789613934,0.5523316321038609,Not At Risk,Low
189831090,CRS214366,12,0.0,0.0,0.0,63.8,0.0,0.0,0.0,111.0,0.0,64.6,877,126,0.0,63.8,-63.8,0.0,111.0,-111.0,1017.6099999999998,31.899999999999995,3080.25,55.5,15.95,27.75,1,63.8,0.0,0.07366020524515393,0.5747747747747748,21.266666666666666,31.9,31.9,37.0,55.5,55.5,0,1,0,0.7610686335403726,1356.813333333333,4107.0,1.7398119122257054,0.3333333333333333,31.899999999999995,0.0,1,0.5167541664218764,0.4832458335781235,At Risk,Low
189831090,CRS341446,12,0.0,0.0,0.0,92.9,0.0,0.0,0.0,150.0,0.0,92.9,150,138,0.0,92.9,-92.9,0.0,150.0,-150.0,2157.602500000001,46.45000000000001,5625.0,75.0,23.225,37.5,1,92.9,0.0,0.6193333333333334,0.6193333333333334,30.96666666666667,46.45,46.45,50.0,75.0,75.0,0,0,1,0.7457190993788819,2876.8033333333337,7500.0,1.6146393972012916,0.3333333333333333,46.45000000000001,0.0,1,0.5554116869522715,0.44458831304772845,At Risk,Low
189831090,CRS348039,12,0.0,34.8,0.0,36.300000000000004,0.0,37.0,0.0,687.0,0.0,36.4,724,119,-34.8,36.300000000000004,-36.300000000000004,-37.0,687.0,-687.0,421.6425000000001,20.53393532667326,114098.0,337.78395462188547,17.775,181.0,2,36.300000000000004,0.0,0.05027624309392265,0.09820441988950275,23.7,18.150000000000002,-16.649999999999995,241.33333333333334,343.5,306.5,1,0,0,0.6022963903220836,421.83,149306.3333333333,10.18284106891702,0.6666666666666666,23.95,1.500000000000007,0,0.1543363735307842,0.8456636264692159,Not At Risk,Low
189831090,CRS902591,12,0.0,0.0,85.3,0.0,0.0,0.0,475.0,0.0,0.0,85.3,475,126,85.3,-85.3,0.0,475.0,-475.0,0.0,1819.0224999999998,42.65,56406.25,237.5,21.325,118.75,1,85.3,0.0,0.17957894736842106,0.17957894736842106,28.433333333333334,0.0,0.0,158.33333333333334,0.0,0.0,0,0,0,0.680331314699793,2425.363333333333,75208.33333333333,5.5685814771395075,0.3333333333333333,28.433333333333334,0.0,1,0.6457610781972345,0.35423892180276545,At Risk,Low
202110151,CRS030597,12,0.5,54.3,55.8,0.0,0.0,53.0,463.0,0.0,0.0,59.3,564,70,1.5,-55.8,0.0,410.0,-463.0,0.0,1010.5424999999999,31.789031127104202,50204.666666666664,224.06397895839186,27.525,129.0,2,55.8,0.0,0.1051418439716312,0.2133720930232558,36.699999999999996,0.0,-54.3,172.0,0.0,-53.0,1,0,0,0.6191207641175624,1010.7299999999999,64213.0,4.686648501362399,0.6666666666666666,27.649999999999995,1.5,0,0.1994025781222989,0.8005974218777014,Not At Risk,Low
202110151,CRS055075,12,0.0,75.35,71.26666666666667,70.125,0.0,230.0,189.0,40.0,0.0,69.4,459,98,-4.083333333333329,-1.1416666666666657,-70.125,-41.0,-149.0,-40.0,1309.9461284722222,36.19317792723129,12516.916666666666,111.87902692938773,54.18541666666667,114.75,3,75.35,0.0,0.15119825708061002,0.47220406681190996,72.24722222222222,35.0625,-40.287499999999994,153.0,20.0,-210.0,1,0,0,0.5064282166205082,7.546273148148131,9997.0,2.1177284786035604,1.0,71.37638888888888,-2.612499999999997,1,0.9137627780920464,0.08623722190795363,At Risk,Low
202110151,CRS214366,12,0.3333333333333333,54.4,57.849999999999994,64.73333333333333,0.0,549.0,594.0,97.0,0.0,63.8,1240,126,3.4499999999999957,6.88333333333334,-64.73333333333333,45.0,-497.0,-97.0,888.5372916666665,29.808342652127887,93082.0,305.0934283133611,44.24583333333334,310.0,3,64.73333333333333,0.0,0.05145161290322581,0.14272849462365592,58.99444444444445,32.36666666666667,-22.03333333333333,413.3333333333333,48.5,-500.5,1,0,0,0.3816587401696802,27.676759259259278,75556.33333333334,7.006309445333835,1.0,60.71666666666666,5.166666666666668,1,0.5598223296311532,0.44017767036884686,At Risk,Low
202110151,CRS341446,12,0.0,0.0,0.0,52.1,0.0,0.0,0.0,99.0,0.0,52.1,99,138,0.0,52.1,-52.1,0.0,99.0,-99.0,678.6025000000001,26.05,2450.25,49.5,13.025,24.75,1,52.1,0.0,0.5262626262626263,0.5262626262626263,17.366666666666667,26.05,26.05,33.0,49.5,49.5,0,1,0,0.7664781055900621,904.8033333333335,3267.0,1.9001919385796544,0.3333333333333333,26.05,0.0,1,0.5125874997552098,0.48741250024479016,At Risk,Low
202110151,CRS348039,12,0.3333333333333333,0.0,59.3,0.0,60.76666666666667,0.0,689.0,0.0,99.0,60.2,834,119,59.3,-59.3,60.76666666666667,689.0,-689.0,99.0,1201.6922222222222,34.665432670345,109762.0,331.3034862478812,30.016666666666666,197.0,2,60.76666666666667,0.0,0.07218225419664269,0.1523688663282572,19.766666666666666,30.383333333333336,30.383333333333336,229.66666666666666,49.5,49.5,0,0,0,0.5561005340777501,1172.1633333333332,158240.33333333334,11.618887015177066,0.3333333333333333,19.766666666666666,0.0,0,0.24526912762219436,0.7547308723778058,Not At Risk,Low
202110151,CRS902591,12,0.0,0.0,73.6,0.0,0.0,0.0,145.0,0.0,0.0,73.6,145,126,73.6,-73.6,0.0,145.0,-145.0,0.0,1354.2399999999998,36.8,5256.25,72.5,18.4,36.25,1,73.6,0.0,0.5075862068965517,0.5075862068965517,24.53333333333333,0.0,0.0,48.333333333333336,0.0,0.0,0,1,0,0.7515792960662526,1805.6533333333332,7008.333333333333,1.970108695652174,0.3333333333333333,24.53333333333333,0.0,1,0.729590511942445,0.27040948805755494,At Risk,Low
216588611,CRS030597,9,0.5,69.4,65.6,0.0,0.0,62.0,471.0,0.0,0.0,68.5,572,70,-3.8000000000000114,-65.6,0.0,409.0,-471.0,0.0,1521.1566666666668,39.002008495289914,51554.25,227.05560992849306,33.75,133.25,2,69.4,0.0,0.11975524475524475,0.25328330206378985,45.0,0.0,-69.4,177.66666666666666,0.0,-62.0,1,0,0,0.5989020501168738,1522.3600000000001,65494.33333333334,3.9481481481481477,0.6666666666666666,33.43333333333333,-3.8000000000000114,0,0.3148291562822785,0.6851708437177217,Not At Risk,Low
216588611,CRS055075,9,0.3333333333333333,60.6,65.9,66.63333333333334,0.0,117.0,55.0,114.0,0.0,66.7,346,98,5.300000000000004,0.7333333333333343,-66.63333333333334,-62.0,59.0,-114.0,1043.3500000000001,32.30092877921624,3087.0,55.560777532356404,48.28333333333333,71.5,3,66.63333333333334,0.0,0.19277456647398844,0.6752913752913753,64.37777777777778,33.31666666666667,-27.28333333333333,95.33333333333333,57.0,-60.0,1,0,0,0.5639719403741674,10.838148148148166,1222.3333333333335,1.480842250604073,1.0,65.38333333333334,3.0166666666666693,1,0.6619258692691524,0.3380741307308476,At Risk,Low
216588611,CRS214366,9,1.0,57.4,0.0,0.0,0.0,122.0,0.0,0.0,0.0,57.4,122,126,-57.4,0.0,0.0,-122.0,0.0,0.0,823.69,28.7,3721.0,61.0,14.35,30.5,1,57.4,0.0,0.4704918032786885,0.4704918032786885,19.133333333333333,0.0,-57.4,40.666666666666664,0.0,-122.0,1,1,0,0.7603912008281574,1098.2533333333333,4961.333333333334,2.1254355400696863,0.3333333333333333,9.566666666666666,0.0,1,0.567081172032597,0.43291882796740294,At Risk,Low
216588611,CRS341446,9,0.0,0.0,82.1,0.0,0.0,0.0,76.0,0.0,0.0,82.1,76,138,82.1,-82.1,0.0,76.0,-76.0,0.0,1685.1025,41.05,1444.0,38.0,20.525,19.0,1,82.1,0.0,1.0802631578947368,1.0802631578947368,27.366666666666664,0.0,0.0,25.333333333333332,0.0,0.0,0,1,0,0.7637400103519669,2246.8033333333333,1925.3333333333337,0.925700365408039,0.3333333333333333,27.366666666666664,0.0,1,0.7379829535878111,0.26201704641218876,At Risk,Low
216588611,CRS348039,9,0.25,63.7,70.83333333333334,67.15,0.0,56.0,723.0,132.0,0.0,66.7,911,119,7.13333333333334,-3.683333333333337,-67.15,667.0,-591.0,-132.0,1138.377291666667,33.739847238342186,111936.25,334.56875227671816,50.42083333333334,227.75,3,70.83333333333334,0.0,0.07321624588364435,0.22138675448225398,67.22777777777779,33.575,-30.125,303.6666666666667,66.0,10.0,1,0,0,0.4267626913710943,12.72564814814817,133324.33333333334,4.516982067597719,1.0,67.80277777777779,1.7250000000000012,1,0.7792759315847552,0.22072406841524486,At Risk,Low
216588611,CRS902591,9,0.0,0.0,0.0,69.3,0.0,0.0,0.0,624.0,0.0,69.2,624,126,0.0,69.3,-69.3,0.0,624.0,-624.0,1200.6224999999997,34.65,97344.0,312.0,17.325,156.0,1,69.3,0.0,0.1108974358974359,0.1110576923076923,23.099999999999998,34.65,34.65,208.0,312.0,312.0,0,0,0,0.6534824534161491,1600.83,129792.0,9.004329004329005,0.3333333333333333,34.65,0.0,0,0.4077801747650684,0.5922198252349317,Not At Risk,Low
254808076,CRS030597,10,0.0,87.0,84.2,0.0,0.0,66.0,569.0,0.0,0.0,88.0,683,70,-2.799999999999997,-84.2,0.0,503.0,-569.0,0.0,2443.76,49.43440097745699,75770.25,275.2639642234341,42.8,158.75,2,87.0,0.0,0.12884333821376281,0.26960629921259843,57.06666666666666,0.0,-87.0,211.66666666666666,0.0,-66.0,1,0,1,0.5533988226588478,2444.4133333333334,96854.33333333334,3.7091121495327104,0.6666666666666666,42.56666666666667,-2.799999999999997,1,0.7948059854216396,0.2051940145783604,At Risk,Low
254808076,CRS055075,10,0.0,0.0,56.1,59.0,0.0,0.0,344.0,49.0,0.0,58.7,430,98,56.1,2.8999999999999986,-59.0,344.0,-295.0,-49.0,1105.4025,33.24759389790485,27374.916666666668,165.45366924509915,28.775,98.25,2,59.0,0.0,0.13651162790697674,0.29287531806615774,38.36666666666667,29.5,29.5,131.0,24.5,24.5,0,0,0,0.6412537281684805,1106.1033333333335,34627.0,3.4144222415291052,0.6666666666666666,48.199999999999996,2.8999999999999986,0,0.15001367035337412,0.8499863296466259,Not At Risk,Low
254808076,CRS341446,10,0.0,0.0,0.0,51.2,0.0,0.0,0.0,111.0,0.0,51.2,111,138,0.0,51.2,-51.2,0.0,111.0,-111.0,655.3600000000001,25.6,3080.25,55.5,12.8,27.75,1,51.2,0.0,0.46126126126126127,0.46126126126126127,17.066666666666666,25.6,25.6,37.0,55.5,55.5,0,1,0,0.7642186335403727,873.8133333333335,4107.0,2.16796875,0.3333333333333333,25.600000000000005,0.0,1,0.5165137048366383,0.48348629516336167,At Risk,Low
254808076,CRS348039,10,0.25,86.5,0.0,81.85,0.0,109.0,0.0,635.0,0.0,80.3,744,119,-86.5,81.85,-81.85,-109.0,635.0,-635.0,2365.413958333333,48.63552156945922,92240.66666666667,303.71148589848667,42.0875,186.0,2,86.5,0.0,0.10793010752688172,0.2262768817204301,56.11666666666667,40.925,-45.575,248.0,317.5,208.5,1,0,1,0.532796276058173,2367.2158333333327,115297.0,4.4193644193644195,0.6666666666666666,55.34166666666666,-4.650000000000006,1,0.6150482035506892,0.38495179644931077,At Risk,Low
254808076,CRS902591,10,0.0,84.0,0.0,0.0,0.0,657.0,0.0,0.0,0.0,84.0,657,126,-84.0,0.0,0.0,-657.0,0.0,0.0,1764.0,42.0,107912.25,328.5,21.0,164.25,1,84.0,0.0,0.1278538812785388,0.1278538812785388,28.0,0.0,-84.0,219.0,0.0,-657.0,1,0,0,0.642975155279503,2352.0,143883.0,7.821428571428571,0.3333333333333333,14.0,0.0,1,0.5441547397235476,0.45584526027645245,At Risk,Low
278244933,CRS030597,9,0.0,83.3,0.0,0.0,0.0,667.0,0.0,0.0,0.0,83.8,733,70,-83.3,0.0,0.0,-667.0,0.0,0.0,1734.7224999999999,41.65,111222.25,333.5,20.825,166.75,1,83.3,0.0,0.11432469304229195,0.12488755622188905,27.766666666666666,0.0,-83.3,222.33333333333334,0.0,-667.0,1,0,0,0.6410797619047619,2312.963333333333,148296.3333333333,8.007202881152462,0.3333333333333333,13.883333333333333,0.0,1,0.5395721475870762,0.46042785241292383,At Risk,Low
278244933,CRS214366,9,0.0,92.0,85.16666666666667,0.0,0.0,485.0,504.0,0.0,0.0,86.9,1070,126,-6.833333333333329,-85.16666666666667,0.0,19.0,-504.0,0.0,2623.451388888889,51.21963870322485,81570.25,285.6050594789945,44.29166666666667,247.25,2,92.0,0.0,0.08121495327102804,0.1791371755982474,59.055555555555564,0.0,-92.0,329.6666666666667,0.0,-485.0,1,0,1,0.47621903931121157,2627.3425925925926,81600.33333333334,5.582314205079962,0.6666666666666666,43.72222222222223,-6.833333333333329,1,0.7665351520883061,0.2334648479116937,At Risk,Low
278244933,CRS341446,9,0.0,0.0,68.9,0.0,0.0,0.0,126.0,0.0,0.0,68.9,126,138,68.9,-68.9,0.0,126.0,-126.0,0.0,1186.8025,34.45,3969.0,63.0,17.225,31.5,1,68.9,0.0,0.5468253968253969,0.5468253968253969,22.96666666666667,0.0,0.0,42.0,0.0,0.0,0,1,0,0.7566880434782608,1582.4033333333336,5292.0,1.8287373004354135,0.3333333333333333,22.96666666666667,0.0,1,0.6755406814455392,0.3244593185544609,At Risk,Low
278244933,CRS348039,9,0.0,72.5,75.33333333333333,74.125,0.0,70.0,564.0,92.0,0.0,74.9,726,119,2.8333333333333286,-1.2083333333333286,-74.125,494.0,-472.0,-92.0,1369.833767361111,37.011265411508305,66563.66666666667,257.99935400435925,55.48958333333333,181.5,3,75.33333333333333,0.0,0.103168044077135,0.30572773186409546,73.9861111111111,37.0625,-35.4375,242.0,46.0,-24.0,1,0,0,0.44626405515013884,2.0214120370370305,77884.0,3.2708841749577626,1.0,74.25694444444444,0.8125,1,0.9646399733899734,0.03536002661002661,At Risk,Low
278244933,CRS902591,9,0.5,74.7,0.0,72.0,0.0,128.0,0.0,388.0,0.0,71.7,516,126,-74.7,72.0,-72.0,-128.0,388.0,-388.0,1794.6225000000002,42.36298502230456,33454.666666666664,182.9061690229902,36.675,129.0,2,74.7,0.0,0.13895348837209304,0.28430232558139534,48.9,36.0,-38.7,172.0,194.0,66.0,1,0,0,0.5945186719079633,1795.2300000000002,39088.0,3.5173824130879345,0.6666666666666666,48.449999999999996,-2.700000000000003,1,0.5677165537190393,0.4322834462809606,At Risk,Low
335093044,CRS030597,12,0.0,70.4,69.95,0.0,0.0,46.0,329.0,0.0,0.0,71.6,434,70,-0.45000000000000284,-69.95,0.0,283.0,-329.0,0.0,1641.5439583333336,40.51597164493693,25066.916666666668,158.32535067596302,35.087500000000006,93.75,2,70.4,0.0,0.1649769585253456,0.37426666666666675,46.78333333333334,0.0,-70.4,125.0,0.0,-46.0,1,0,0,0.6279546917370787,1641.5608333333337,31741.0,2.6718916993231203,0.6666666666666666,35.050000000000004,-0.45000000000000284,1,0.7646989707179205,0.2353010292820794,At Risk,Low
335093044,CRS055075,12,0.0,0.0,72.05,70.76666666666667,0.0,0.0,209.0,116.0,0.0,69.5,376,98,72.05,-1.2833333333333314,-70.76666666666667,209.0,-93.0,-116.0,1699.9911805555555,41.23094930456435,10243.583333333334,101.21058903757717,35.704166666666666,81.25,2,72.05,0.0,0.1848404255319149,0.43943589743589745,47.605555555555554,35.38333333333333,35.38333333333333,108.33333333333333,58.0,58.0,0,0,0,0.6366532805967063,1700.1284259259257,10964.333333333334,2.275644766017038,0.6666666666666666,59.4,-1.2833333333333314,1,0.9755952380952381,0.024404761904761908,At Risk,Low
335093044,CRS214366,12,0.3333333333333333,60.6,67.39999999999999,0.0,0.0,614.0,674.0,0.0,0.0,65.4,1399,126,6.79999999999999,-67.39999999999999,0.0,60.0,-674.0,0.0,1373.0399999999997,37.05455437594682,138845.33333333334,372.61955575805916,32.0,322.0,2,67.39999999999999,0.0,0.04674767691208006,0.09937888198757763,42.666666666666664,0.0,-60.6,429.3333333333333,0.0,-614.0,1,0,0,0.44744244208522693,1376.8933333333332,139145.33333333334,10.0625,0.6666666666666666,32.56666666666666,6.79999999999999,0,0.2981484187780154,0.7018515812219848,Not At Risk,Low
335093044,CRS348039,12,0.6666666666666666,60.3,0.0,72.13333333333333,0.0,56.0,0.0,725.0,0.0,73.7,828,119,-60.3,72.13333333333333,-72.13333333333333,-56.0,725.0,-725.0,1484.8869444444442,38.53423081423119,125423.58333333333,354.1519212616717,33.108333333333334,195.25,2,72.13333333333333,0.0,0.0890096618357488,0.16956892872385831,44.144444444444446,36.06666666666666,-24.233333333333334,260.3333333333333,362.5,306.5,1,0,0,0.5498290723945078,1496.5559259259257,162720.3333333333,5.897306821042033,0.6666666666666666,46.11666666666667,11.833333333333329,0,0.23052110991080368,0.7694788900891965,Not At Risk,Low
335093044,CRS902591,12,0.0,80.3,0.0,74.69999999999999,0.0,519.0,0.0,75.0,0.0,75.3,594,126,-80.3,74.69999999999999,-74.69999999999999,-519.0,75.0,-75.0,2007.3099999999995,44.80301329151868,62259.0,249.51753445399385,38.75,148.5,2,80.3,0.0,0.12676767676767675,0.2609427609427609,51.666666666666664,37.349999999999994,-42.95,198.0,37.5,-481.5,1,0,1,0.57287466012341,2009.923333333333,78687.0,3.8322580645161293,0.6666666666666666,50.73333333333333,-5.6000000000000085,1,0.6588046245868826,0.34119537541311734,At Risk,Low
344703746,CRS030597,11,0.5,67.7,69.9,0.0,0.0,34.0,532.0,0.0,0.0,70.9,616,70,2.200000000000003,-69.9,0.0,498.0,-532.0,0.0,1578.6200000000001,39.73185120278188,68030.33333333333,260.8262512350575,34.400000000000006,141.5,2,69.9,0.0,0.1150974025974026,0.24310954063604245,45.866666666666674,0.0,-67.7,188.66666666666666,0.0,-34.0,1,0,0,0.5902794373952117,1579.0233333333335,88697.33333333334,4.113372093023255,0.6666666666666666,34.583333333333336,2.200000000000003,1,0.5689635821326017,0.4310364178673982,At Risk,Low
344703746,CRS055075,11,0.0,0.0,75.2,75.1,0.0,0.0,117.0,164.0,0.0,73.4,351,98,75.2,-0.10000000000000853,-75.1,117.0,47.0,-164.0,1882.5091666666667,43.387891936191906,6948.25,83.35616353935683,37.575,70.25,2,75.2,0.0,0.20911680911680913,0.5348754448398577,50.1,37.55,37.55,93.66666666666667,82.0,82.0,0,0,0,0.6407227300421561,1882.51,7132.333333333333,1.869594145043247,0.6666666666666666,62.61666666666667,-0.10000000000000853,1,1.0,0.0,At Risk,Low
344703746,CRS214366,11,0.0,0.0,67.2,73.35,0.0,0.0,540.0,120.0,0.0,66.1,1105,126,67.2,6.1499999999999915,-73.35,540.0,-420.0,-120.0,1652.4956249999998,40.65089943654383,65700.0,256.3201123595259,35.1375,165.0,2,73.35,0.0,0.05981900452488687,0.21295454545454548,46.85,36.675,36.675,220.0,60.0,60.0,0,0,0,0.5689683361401684,1655.6474999999998,80400.0,4.695837780149413,0.6666666666666666,59.074999999999996,6.1499999999999915,1,0.9606989247311827,0.0393010752688172,At Risk,Low
344703746,CRS348039,11,0.0,0.0,0.0,69.0,0.0,0.0,0.0,543.0,0.0,70.2,596,119,0.0,69.0,-69.0,0.0,543.0,-543.0,1190.25,34.5,73712.25,271.5,17.25,135.75,1,69.0,0.0,0.11778523489932886,0.1270718232044199,23.0,34.5,34.5,181.0,271.5,271.5,0,0,0,0.6703276397515527,1587.0,98283.0,7.869565217391305,0.3333333333333333,34.5,0.0,0,0.3687954033248238,0.6312045966751764,Not At Risk,Low
344703746,CRS902591,11,0.5,0.0,0.0,63.5,0.0,0.0,0.0,567.0,0.0,63.5,567,126,0.0,63.5,-63.5,0.0,567.0,-567.0,1008.0625,31.75,80372.25,283.5,15.875,141.75,1,63.5,0.0,0.11199294532627865,0.11199294532627865,21.166666666666668,31.75,31.75,189.0,283.5,283.5,0,0,0,0.666733695652174,1344.083333333333,107163.0,8.929133858267717,0.3333333333333333,31.75,0.0,0,0.21237804562909737,0.7876219543709027,Not At Risk,Low
355282966,CRS030597,12,0.5,83.65,0.0,0.0,0.0,435.0,0.0,0.0,0.0,81.2,473,70,-83.65,0.0,0.0,-435.0,0.0,0.0,1749.3306249999998,41.824999999999996,47306.25,217.5,20.9125,108.75,1,83.65,0.0,0.17167019027484146,0.19229885057471266,27.883333333333336,0.0,-83.65,145.0,0.0,-435.0,1,0,0,0.6890253881987578,2332.440833333333,63075.0,5.20023909145248,0.3333333333333333,13.941666666666668,0.0,0,0.4997270656995291,0.5002729343004709,Not At Risk,Low
355282966,CRS055075,12,0.0,0.0,88.33333333333333,0.0,0.0,0.0,335.0,0.0,0.0,88.6,388,98,88.33333333333333,-88.33333333333333,0.0,335.0,-335.0,0.0,1950.6944444444446,44.16666666666667,28056.25,167.5,22.083333333333332,83.75,1,88.33333333333333,0.0,0.22835051546391752,0.26368159203980096,29.444444444444443,0.0,0.0,111.66666666666667,0.0,0.0,0,0,0,0.7085584886128364,2600.9259259259256,37408.33333333333,3.7924528301886795,0.3333333333333333,29.444444444444443,0.0,1,0.6539285740512975,0.3460714259487025,At Risk,Low
355282966,CRS214366,12,1.0,0.0,0.0,65.5,0.0,0.0,0.0,101.0,0.0,71.7,537,126,0.0,65.5,-65.5,0.0,101.0,-101.0,1072.5625,32.75,2550.25,50.5,16.375,25.25,1,65.5,0.0,0.1335195530726257,0.6485148514851485,21.833333333333332,32.75,32.75,33.666666666666664,50.5,50.5,0,1,0,0.7627140269151138,1430.0833333333335,3400.333333333334,1.5419847328244274,0.3333333333333333,32.75,0.0,0,0.4622654681721292,0.5377345318278709,Not At Risk,Low
355282966,CRS348039,12,0.0,80.1,0.0,76.44999999999999,0.0,67.0,0.0,106.0,0.0,78.8,225,119,-80.1,76.44999999999999,-76.44999999999999,-67.0,106.0,-106.0,2044.5456249999995,45.216652076419805,2747.5833333333335,52.417395331448255,39.137499999999996,43.25,2,80.1,0.0,0.3502222222222222,0.9049132947976878,52.18333333333333,38.224999999999994,-41.875,57.666666666666664,53.0,-14.0,1,0,1,0.6589279987698169,2045.6558333333328,2874.3333333333335,1.1050782497604599,0.6666666666666666,51.57499999999999,-3.6500000000000057,1,0.7088006967336901,0.29119930326630983,At Risk,Low
355282966,CRS902591,12,0.0,0.0,92.7,0.0,0.0,0.0,150.0,0.0,0.0,83.1,727,126,92.7,-92.7,0.0,150.0,-150.0,0.0,2148.3225000000007,46.35000000000001,5625.0,75.0,23.175,37.5,1,92.7,0.0,0.11430536451169188,0.618,30.900000000000002,0.0,0.0,50.0,0.0,0.0,0,0,1,0.7457690993788819,2864.4300000000003,7500.0,1.6181229773462782,0.3333333333333333,30.900000000000002,0.0,1,0.729590511942445,0.27040948805755494,At Risk,Low
392421021,CRS030597,12,0.0,70.1,79.1,0.0,0.0,46.0,456.0,0.0,0.0,80.2,563,70,9.0,-79.1,0.0,410.0,-456.0,0.0,1868.5533333333333,43.22676639922692,49017.0,221.3978319677047,37.3,125.5,2,79.1,0.0,0.1424511545293073,0.297211155378486,49.73333333333333,0.0,-70.1,167.33333333333334,0.0,-46.0,1,0,0,0.5960197853864455,1875.303333333333,63025.33333333333,3.36461126005362,0.6666666666666666,38.05,9.0,1,0.7515314748638575,0.2484685251361424,At Risk,Low
392421021,CRS055075,12,0.0,82.6,82.2,0.0,0.0,168.0,198.0,0.0,0.0,85.4,431,98,-0.3999999999999915,-82.2,0.0,30.0,-198.0,0.0,2263.28,47.57394244752058,11313.0,106.36258740741502,41.2,91.5,2,82.6,0.0,0.19814385150812067,0.4502732240437159,54.93333333333334,0.0,-82.6,122.0,0.0,-168.0,1,0,1,0.6133714873795131,2263.293333333333,11388.0,2.220873786407767,0.6666666666666666,41.166666666666664,-0.3999999999999915,1,0.7887139949094153,0.2112860050905846,At Risk,Low
392421021,CRS341446,12,0.0,60.9,0.0,0.0,0.0,84.0,0.0,0.0,0.0,60.9,84,138,-60.9,0.0,0.0,-84.0,0.0,0.0,927.2024999999998,30.449999999999996,1764.0,42.0,15.225,21.0,1,60.9,0.0,0.725,0.725,20.3,0.0,-60.9,28.0,0.0,-84.0,1,1,0,0.7673836956521738,1236.2699999999998,2352.0,1.379310344827586,0.3333333333333333,10.15,0.0,1,0.6355713310400012,0.36442866895999865,At Risk,Low
392421021,CRS348039,12,0.0,72.4,79.7,76.13333333333334,0.0,61.0,493.0,126.0,0.0,76.3,719,119,7.299999999999997,-3.566666666666663,-76.13333333333334,432.0,-367.0,-126.0,1455.840277777778,38.15547506948089,49015.333333333336,221.39406797232246,57.05833333333334,170.0,3,79.7,0.0,0.10611961057023643,0.3356372549019608,76.07777777777778,38.06666666666667,-34.333333333333336,226.66666666666666,63.0,2.0,1,0,0,0.45023253398989344,13.324814814814804,54256.33333333334,2.9794070395793777,1.0,76.7,1.8666666666666671,1,0.9445501041089277,0.05544989589107237,At Risk,Low
392421021,CRS902591,12,0.0,0.0,91.6,0.0,0.0,0.0,84.0,0.0,0.0,91.6,84,126,91.6,-91.6,0.0,84.0,-84.0,0.0,2097.6399999999994,45.8,1764.0,42.0,22.9,21.0,1,91.6,0.0,1.0904761904761904,1.0904761904761904,30.53333333333333,0.0,0.0,28.0,0.0,0.0,0,1,1,0.7597086956521739,2796.853333333333,2352.0,0.9170305676855895,0.3333333333333333,30.53333333333333,0.0,1,0.7340905119424448,0.26590948805755493,At Risk,Low
404060532,CRS030597,12,1.0,44.6,41.7,0.0,0.0,46.0,603.0,0.0,0.0,41.0,649,70,-2.8999999999999986,-41.7,0.0,557.0,-603.0,0.0,622.0425000000001,24.940779859499184,86808.25,294.6323980827635,21.575000000000003,162.25,2,44.6,0.0,0.06317411402157165,0.1329738058551618,28.76666666666667,0.0,-44.6,216.33333333333334,0.0,-46.0,1,0,0,0.6076380296982944,622.7433333333333,112662.33333333333,7.5202780996523755,0.6666666666666666,21.333333333333332,-2.8999999999999986,0,0.17722324408894125,0.822776755911059,Not At Risk,Low
404060532,CRS055075,12,0.0,79.2,0.0,79.16666666666667,0.0,167.0,0.0,199.0,0.0,76.5,413,98,-79.2,79.16666666666667,-79.16666666666667,-167.0,199.0,-199.0,2090.0002777777777,45.71652084069585,11333.666666666666,106.45969503369182,39.59166666666667,91.5,2,79.2,0.0,0.18523002421307505,0.43269581056466305,52.78888888888889,39.583333333333336,-39.61666666666667,122.0,99.5,-67.5,1,0,1,0.6176983108325305,2090.0003703703705,11419.0,2.3110924015996632,0.6666666666666666,52.78333333333333,-0.03333333333333144,1,0.6911975650573318,0.3088024349426681,At Risk,Low
404060532,CRS214366,12,0.3333333333333333,65.8,64.2,67.7,0.0,448.0,544.0,125.0,0.0,67.2,1117,126,-1.5999999999999943,3.5,-67.7,96.0,-419.0,-125.0,1087.7491666666667,32.981042534563194,66780.91666666667,258.42003921264825,49.425,279.25,3,67.7,0.0,0.06016114592658908,0.17699194270367052,65.89999999999999,33.85,-31.949999999999996,372.3333333333333,62.5,-385.5,1,0,0,0.3875741451105343,3.0700000000000007,48184.33333333333,5.649974709155286,1.0,66.21666666666667,0.9500000000000028,1,0.6118536210951073,0.38814637890489273,At Risk,Low
404060532,CRS348039,12,0.0,42.1,44.400000000000006,45.800000000000004,0.0,49.0,560.0,79.0,0.0,46.2,688,119,2.3000000000000043,1.3999999999999986,-45.800000000000004,511.0,-481.0,-79.0,488.52916666666675,22.102695913998065,67968.66666666667,260.7080103615282,33.075,172.0,3,45.800000000000004,0.0,0.06715116279069767,0.19229651162790698,44.1,22.900000000000002,-19.2,229.33333333333334,39.5,-9.5,1,0,0,0.5363873276458014,3.490000000000006,82230.33333333333,5.200302343159486,1.0,44.71666666666667,1.8500000000000014,0,0.2500173627394194,0.7499826372605806,Not At Risk,Low
404060532,CRS902591,12,0.0,0.0,0.0,83.3,0.0,0.0,0.0,89.0,0.0,83.3,89,126,0.0,83.3,-83.3,0.0,89.0,-89.0,1734.7224999999996,41.65,1980.25,44.5,20.825,22.25,1,83.3,0.0,0.9359550561797753,0.9359550561797753,27.766666666666666,41.65,41.65,29.666666666666668,44.5,44.5,0,1,0,0.7607484989648033,2312.963333333333,2640.333333333333,1.0684273709483794,0.3333333333333333,41.65,0.0,1,0.5850460000076371,0.41495399999236277,At Risk,Low
437756533,CRS030597,11,0.0,77.5,0.0,0.0,0.0,47.0,0.0,0.0,0.0,73.2,96,70,-77.5,0.0,0.0,-47.0,0.0,0.0,1501.5625,38.75,552.25,23.5,19.375,11.75,1,77.5,0.0,0.7625000000000001,1.648936170212766,25.833333333333332,0.0,-77.5,15.666666666666666,0.0,-47.0,1,1,0,0.7708941511387163,2002.0833333333335,736.3333333333334,0.6064516129032258,0.3333333333333333,12.916666666666666,0.0,1,0.68671187429585,0.31328812570414977,At Risk,Low
437756533,CRS055075,11,0.5,0.0,0.0,74.85,0.0,0.0,0.0,227.0,0.0,72.8,227,98,0.0,74.85,-74.85,0.0,227.0,-227.0,1400.6306249999998,37.425,12882.25,113.5,18.7125,56.75,1,74.85,0.0,0.32070484581497793,0.32973568281938326,24.95,37.425,37.425,75.66666666666667,113.5,113.5,0,0,0,0.7342895703933746,1867.5074999999997,17176.333333333332,3.032732130928524,0.3333333333333333,37.425,0.0,0,0.4412307619531788,0.5587692380468212,Not At Risk,Low
437756533,CRS214366,11,1.0,65.85,0.0,63.666666666666664,0.0,477.0,0.0,336.0,0.0,63.8,813,126,-65.85,63.666666666666664,-63.666666666666664,-477.0,336.0,-336.0,1398.6750694444443,37.39886454752931,58394.25,241.64902234439103,32.37916666666666,203.25,2,65.85,0.0,0.07847478474784747,0.1593070930709307,43.17222222222222,31.833333333333332,-34.016666666666666,271.0,168.0,-309.0,1,0,0,0.5445789143952656,1399.0723148148147,60051.0,6.277184403551667,0.6666666666666666,42.80833333333334,-2.18333333333333,0,0.1940811768900052,0.8059188231099946,Not At Risk,Low
437756533,CRS341446,11,0.0,0.0,0.0,63.8,0.0,0.0,0.0,141.0,0.0,63.8,141,138,0.0,63.8,-63.8,0.0,141.0,-141.0,1017.6099999999998,31.899999999999995,4970.25,70.5,15.95,35.25,1,63.8,0.0,0.4524822695035461,0.4524822695035461,21.266666666666666,31.9,31.9,47.0,70.5,70.5,0,1,0,0.7548574534161491,1356.813333333333,6627.0,2.2100313479623828,0.3333333333333333,31.899999999999995,0.0,0,0.4225075401029735,0.5774924598970267,Not At Risk,Low
437756533,CRS348039,11,0.5,71.3,0.0,70.65,0.0,51.0,0.0,620.0,0.0,75.6,712,119,-71.3,70.65,-70.65,-51.0,620.0,-620.0,1679.220625,40.978294559437195,91480.25,302.45702174027963,35.4875,167.75,2,71.3,0.0,0.10617977528089886,0.2115499254843517,47.31666666666666,35.325,-35.974999999999994,223.66666666666666,310.0,259.0,1,0,0,0.5655956936737397,1679.2558333333334,118460.33333333334,4.7270165551250445,0.6666666666666666,47.208333333333336,-0.6499999999999915,1,0.5884022565025682,0.41159774349743183,At Risk,Low
437756533,CRS902591,11,0.0,0.0,0.0,66.8,0.0,0.0,0.0,150.0,0.0,66.8,150,126,0.0,66.8,-66.8,0.0,150.0,-150.0,1115.5599999999997,33.4,5625.0,75.0,16.7,37.5,1,66.8,0.0,0.4453333333333333,0.4453333333333333,22.266666666666666,33.4,33.4,50.0,75.0,75.0,0,0,0,0.7522440993788819,1487.4133333333332,7500.0,2.245508982035928,0.3333333333333333,33.4,0.0,0,0.46740930500473843,0.5325906949952617,Not At Risk,Low
440651962,CRS030597,10,0.0,72.8,71.19999999999999,0.0,0.0,39.0,331.0,0.0,0.0,71.5,430,70,-1.6000000000000085,-71.19999999999999,0.0,292.0,-331.0,0.0,1728.4266666666663,41.57435106729468,25619.0,160.0593639872407,36.0,92.5,2,72.8,0.0,0.16627906976744186,0.3891891891891892,48.0,0.0,-72.8,123.33333333333333,0.0,-39.0,1,0,0,0.626544147269165,1728.6399999999996,32724.333333333336,2.569444444444444,0.6666666666666666,35.86666666666667,-1.6000000000000085,1,0.7779450541851302,0.22205494581486981,At Risk,Low
440651962,CRS055075,10,0.3333333333333333,60.1,70.56666666666666,0.0,0.0,207.0,222.0,0.0,0.0,70.9,474,98,10.466666666666661,-70.56666666666666,0.0,15.0,-222.0,0.0,1441.073333333333,37.96147169609383,15374.25,123.99294334759539,32.666666666666664,107.25,2,70.56666666666666,0.0,0.14957805907172997,0.3045843045843046,43.55555555555555,0.0,-60.1,143.0,0.0,-207.0,1,0,0,0.6237697342824567,1450.2025925925925,15393.0,3.283163265306123,0.6666666666666666,33.538888888888884,10.466666666666661,0,0.48151531420040383,0.5184846857995962,Not At Risk,Low
440651962,CRS214366,10,0.5,0.0,85.1,79.94999999999999,0.0,0.0,518.0,124.0,0.0,79.0,771,126,85.1,-5.150000000000006,-79.94999999999999,518.0,-394.0,-124.0,2274.5456249999993,47.69219668876659,60219.666666666664,245.39695732968383,41.262499999999996,160.5,2,85.1,0.0,0.10246433203631647,0.2570872274143302,55.01666666666666,39.974999999999994,39.974999999999994,214.0,62.0,62.0,0,0,1,0.556152638719148,2276.7558333333327,73156.0,3.8897303847319,0.6666666666666666,68.34166666666665,-5.150000000000006,1,0.998,0.002,At Risk,Low
440651962,CRS341446,10,0.0,0.0,0.0,77.9,0.0,0.0,0.0,108.0,0.0,77.9,108,138,0.0,77.9,-77.9,0.0,108.0,-108.0,1517.1025000000002,38.95,2916.0,54.0,19.475,27.0,1,77.9,0.0,0.7212962962962963,0.7212962962962963,25.96666666666667,38.95,38.95,36.0,54.0,54.0,0,1,0,0.7581647515527951,2022.8033333333335,3888.0,1.386392811296534,0.3333333333333333,38.95,0.0,1,0.58666361273902,0.41333638726097993,At Risk,Low
440651962,CRS348039,10,0.0,76.9,78.075,0.0,0.0,99.0,552.0,0.0,0.0,79.0,651,119,1.1749999999999972,-78.075,0.0,453.0,-552.0,0.0,2001.6676562500004,44.740000628632096,69518.25,263.66313735522453,38.743750000000006,162.75,2,78.075,0.0,0.12135176651305683,0.23805683563748084,51.65833333333334,0.0,-76.9,217.0,0.0,-99.0,1,0,1,0.560978642561612,2001.7827083333336,86619.0,4.20067752863365,0.6666666666666666,38.84166666666667,1.1749999999999972,1,0.7584533284168086,0.24154667158319132,At Risk,Low
440651962,CRS902591,10,0.0,82.9,0.0,0.0,0.0,606.0,0.0,0.0,0.0,82.9,606,126,-82.9,0.0,0.0,-606.0,0.0,0.0,1718.1025000000002,41.45,91809.0,303.0,20.725,151.5,1,82.9,0.0,0.1367986798679868,0.1367986798679868,27.633333333333336,0.0,-82.9,202.0,0.0,-606.0,1,0,0,0.6538091614906831,2290.8033333333333,122412.0,7.310012062726175,0.3333333333333333,13.816666666666668,0.0,1,0.5441547397235476,0.45584526027645245,At Risk,Low
502623488,CRS030597,9,0.0,83.0,85.65,0.0,0.0,44.0,513.0,0.0,0.0,85.6,607,70,2.6500000000000057,-85.65,0.0,469.0,-513.0,0.0,2371.405625,48.697080251284056,62514.25,250.02849837568516,42.1625,139.25,2,85.65,0.0,0.14102141680395386,0.30278276481149013,56.21666666666667,0.0,-83.0,185.66666666666666,0.0,-44.0,1,0,1,0.5712607495294832,2371.9908333333333,80844.33333333334,3.3026978950489174,0.6666666666666666,42.38333333333333,2.6500000000000057,1,0.7368491617501419,0.26315083824985797,At Risk,Low
502623488,CRS055075,9,0.3333333333333333,0.0,64.0,64.26666666666667,0.0,0.0,133.0,176.0,0.0,64.7,309,98,64.0,0.2666666666666657,-64.26666666666667,133.0,43.0,-176.0,1371.04,37.02755730533679,8264.916666666666,90.91158708694215,32.06666666666666,77.25,2,64.26666666666667,0.0,0.20938511326860842,0.41510248112189857,42.75555555555555,32.13333333333333,32.13333333333333,103.0,88.0,88.0,0,0,0,0.6497466259978372,1371.045925925926,8419.0,2.4090436590436592,0.6666666666666666,53.46666666666667,0.2666666666666657,0,0.1378538552161274,0.8621461447838727,Not At Risk,Low
502623488,CRS214366,9,1.0,0.0,0.0,64.9,0.0,0.0,0.0,404.0,0.0,70.7,989,126,0.0,64.9,-64.9,0.0,404.0,-404.0,1053.0025000000003,32.45,40804.0,202.0,16.225,101.0,1,64.9,0.0,0.07148634984833165,0.16064356435643565,21.633333333333336,32.45,32.45,134.66666666666666,202.0,202.0,0,0,0,0.7001311076604554,1404.0033333333333,54405.33333333334,6.224961479198766,0.3333333333333333,32.45,0.0,0,0.2402369682959985,0.7597630317040014,Not At Risk,Low
502623488,CRS341446,9,0.0,0.0,0.0,71.4,0.0,0.0,0.0,123.0,0.0,71.4,123,138,0.0,71.4,-71.4,0.0,123.0,-123.0,1274.4900000000002,35.7,3782.25,61.5,17.85,30.75,1,71.4,0.0,0.5804878048780489,0.5804878048780489,23.8,35.7,35.7,41.0,61.5,61.5,0,1,0,0.7566841614906833,1699.3200000000004,5043.0,1.722689075630252,0.3333333333333333,35.7,0.0,1,0.550233323915178,0.44976667608482196,At Risk,Low
502623488,CRS348039,9,0.75,78.05,0.0,80.225,0.0,115.0,0.0,684.0,0.0,80.5,799,119,-78.05,80.225,-80.225,-115.0,684.0,-684.0,2088.369739583333,45.69868422157615,107160.25,327.35340230399316,39.568749999999994,199.75,2,80.225,0.0,0.10075093867334167,0.19809136420525655,52.758333333333326,40.1125,-37.9375,266.3333333333333,342.0,227.0,1,0,1,0.5281291878013303,2088.763958333333,134140.33333333334,5.04817564365819,0.6666666666666666,53.12083333333333,2.174999999999997,1,0.5999750078253194,0.4000249921746804,At Risk,Low
502623488,CRS902591,9,0.5,66.6,0.0,0.0,0.0,556.0,0.0,0.0,0.0,66.4,556,126,-66.6,0.0,0.0,-556.0,0.0,0.0,1108.8899999999996,33.3,77284.0,278.0,16.65,139.0,1,66.6,0.0,0.11942446043165468,0.1197841726618705,22.2,0.0,-66.6,185.33333333333334,0.0,-556.0,1,0,0,0.6682361283643893,1478.5199999999998,103045.33333333331,8.348348348348349,0.3333333333333333,11.1,0.0,0,0.4275016376830921,0.5724983623169081,Not At Risk,Low
503975138,CRS030597,10,0.0,80.7,76.2,0.0,0.0,37.0,507.0,0.0,0.0,72.3,598,70,-4.5,-76.2,0.0,470.0,-507.0,0.0,2054.8425,45.33037061397138,61478.0,247.94757510409332,39.225,136.0,2,80.7,0.0,0.12090301003344481,0.28841911764705885,52.300000000000004,0.0,-80.7,181.33333333333334,0.0,-37.0,1,0,1,0.5819063416420214,2056.53,79886.33333333331,3.467176545570427,0.6666666666666666,38.85,-4.5,1,0.7931393187549729,0.20686068124502707,At Risk,Low
503975138,CRS055075,10,0.0,70.95,73.33333333333333,70.6,0.0,224.0,194.0,58.0,0.0,70.2,476,98,2.3833333333333258,-2.7333333333333343,-70.6,-30.0,-136.0,-58.0,1284.1095138888888,35.834473819059895,11510.666666666666,107.28777501032755,53.72083333333333,119.0,3,73.33333333333333,0.0,0.14747899159663866,0.4514355742296919,71.62777777777778,35.3,-35.650000000000006,158.66666666666666,29.0,-195.0,1,0,0,0.504514056333772,2.2123148148148104,7825.333333333333,2.215155510742263,1.0,71.56944444444444,-0.17500000000000426,1,0.936793653043653,0.06320634695634697,At Risk,Low
503975138,CRS214366,10,0.0,69.3,0.0,0.0,0.0,116.0,0.0,0.0,0.0,71.0,692,126,-69.3,0.0,0.0,-116.0,0.0,0.0,1200.6224999999997,34.65,3364.0,58.0,17.325,29.0,1,69.3,0.0,0.10260115606936417,0.5974137931034482,23.099999999999998,0.0,-69.3,38.666666666666664,0.0,-116.0,1,1,0,0.7586584368530022,1600.83,4485.333333333334,1.673881673881674,0.3333333333333333,11.549999999999999,0.0,1,0.70973672126248,0.2902632787375199,At Risk,Low
503975138,CRS348039,10,0.0,0.0,81.3,77.46666666666667,0.0,0.0,56.0,747.0,0.0,77.7,846,119,81.3,-3.8333333333333286,-77.46666666666667,56.0,691.0,-747.0,2103.0202777777777,45.85869904148806,133314.25,365.12223980469884,39.69166666666666,200.75,2,81.3,0.0,0.09184397163120568,0.19771689497716893,52.92222222222222,38.733333333333334,38.733333333333334,267.6666666666667,373.5,373.5,0,0,1,0.5270064767579243,2104.2448148148146,173104.33333333334,5.057736720554273,0.6666666666666666,65.83333333333333,-3.8333333333333286,1,1.0,0.0,At Risk,Low
503975138,CRS902591,10,0.0,70.3,0.0,70.15,0.0,106.0,0.0,577.0,0.0,70.1,683,126,-70.3,70.15,-70.15,-106.0,577.0,-577.0,1643.8539583333334,40.54446889938667,75847.58333333333,275.4043996259561,35.1125,170.75,2,70.3,0.0,0.10263543191800878,0.20563689604685212,46.81666666666666,35.075,-35.224999999999994,227.66666666666666,288.5,182.5,1,0,0,0.5641185703039493,1643.8558333333333,94334.33333333334,4.862940548237807,0.6666666666666666,46.791666666666664,-0.14999999999999147,1,0.6101491933582248,0.38985080664177507,At Risk,Low
586932118,CRS030597,12,0.0,83.6,0.0,0.0,0.0,554.0,0.0,0.0,0.0,83.1,596,70,-83.6,0.0,0.0,-554.0,0.0,0.0,1747.2399999999998,41.8,76729.0,277.0,20.9,138.5,1,83.6,0.0,0.13942953020134227,0.15090252707581225,27.866666666666664,0.0,-83.6,184.66666666666666,0.0,-554.0,1,0,0,0.6644002070393374,2329.653333333333,102305.33333333336,6.626794258373206,0.3333333333333333,13.933333333333332,0.0,1,0.5470615258829592,0.4529384741170408,At Risk,Low
586932118,CRS055075,12,0.0,0.0,79.45,76.16666666666667,0.0,0.0,229.0,187.0,0.0,77.2,460,98,79.45,-3.2833333333333314,-76.16666666666667,229.0,-42.0,-187.0,2019.8422916666668,44.94265559206161,14715.333333333334,121.30677364983924,38.90416666666667,104.0,2,79.45,0.0,0.16782608695652174,0.37407852564102567,51.87222222222223,38.083333333333336,38.083333333333336,138.66666666666666,93.5,93.5,0,0,1,0.6092361134615559,2020.7406481481485,14862.333333333334,2.673235514619256,0.6666666666666666,64.56666666666666,-3.2833333333333314,1,1.0,0.0,At Risk,Low
586932118,CRS214366,12,0.0,0.0,0.0,91.7,0.0,0.0,0.0,365.0,0.0,91.0,889,126,0.0,91.7,-91.7,0.0,365.0,-365.0,2102.2225000000003,45.85,33306.25,182.5,22.925,91.25,1,91.7,0.0,0.10236220472440945,0.2512328767123288,30.566666666666666,45.85,45.85,121.66666666666667,182.5,182.5,0,0,1,0.7015056418219462,2802.963333333334,44408.33333333333,3.9803707742639043,0.3333333333333333,45.85,0.0,0,0.45700373881911005,0.5429962611808901,Not At Risk,Low
586932118,CRS341446,12,0.0,72.6,0.0,0.0,0.0,104.0,0.0,0.0,0.0,72.6,104,138,-72.6,0.0,0.0,-104.0,0.0,0.0,1317.6899999999998,36.3,2704.0,52.0,18.15,26.0,1,72.6,0.0,0.698076923076923,0.698076923076923,24.2,0.0,-72.6,34.666666666666664,0.0,-104.0,1,1,0,0.7603179089026915,1756.9199999999994,3605.3333333333335,1.4325068870523416,0.3333333333333333,12.1,0.0,1,0.6963860038441299,0.3036139961558701,At Risk,Low
586932118,CRS348039,12,0.0,81.5,75.46666666666665,0.0,0.0,55.0,565.0,0.0,0.0,77.7,678,119,-6.033333333333346,-75.46666666666665,0.0,510.0,-565.0,0.0,2059.278055555555,45.37926900640374,75383.33333333333,274.5602544676365,39.24166666666666,155.0,2,81.5,0.0,0.11460176991150443,0.25317204301075263,52.322222222222216,0.0,-81.5,206.66666666666666,0.0,-55.0,1,0,1,0.5661858154455197,2062.311481481481,97058.33333333334,3.9498832023784245,0.6666666666666666,38.73888888888889,-6.033333333333346,1,0.7984125871532411,0.20158741284675866,At Risk,Low
586932118,CRS902591,12,0.0,0.0,0.0,100.0,0.0,0.0,0.0,120.0,0.0,98.3,550,126,0.0,100.0,-100.0,0.0,120.0,-120.0,2500.0,50.0,3600.0,60.0,25.0,30.0,1,100.0,0.0,0.17872727272727273,0.8333333333333334,33.333333333333336,50.0,50.0,40.0,60.0,60.0,0,1,1,0.7501552795031056,3333.333333333333,4800.0,1.2,0.3333333333333333,50.0,0.0,1,0.5850460000076371,0.41495399999236277,At Risk,Low
595628444,CRS030597,11,1.0,59.8,0.0,0.0,0.0,70.0,0.0,0.0,0.0,67.0,115,70,-59.8,0.0,0.0,-70.0,0.0,0.0,894.0099999999999,29.9,1225.0,35.0,14.95,17.5,1,59.8,0.0,0.5826086956521739,0.8542857142857142,19.933333333333334,0.0,-59.8,23.333333333333332,0.0,-70.0,1,1,0,0.7705572463768116,1192.013333333333,1633.3333333333335,1.1705685618729096,0.3333333333333333,9.966666666666667,0.0,1,0.578568137555966,0.42143186244403386,At Risk,Low
595628444,CRS055075,11,0.0,0.0,54.95,0.0,0.0,0.0,155.0,0.0,0.0,54.9,220,98,54.95,-54.95,0.0,155.0,-155.0,0.0,754.8756250000002,27.475000000000005,6006.25,77.5,13.7375,38.75,1,54.95,0.0,0.24954545454545454,0.3545161290322581,18.316666666666666,0.0,0.0,51.666666666666664,0.0,0.0,0,0,0,0.7541714026915114,1006.5008333333335,8008.333333333334,2.8207461328480434,0.3333333333333333,18.316666666666666,0.0,0,0.45445317034415467,0.5455468296558454,Not At Risk,Low
595628444,CRS214366,11,0.5,57.85,0.0,0.0,0.0,553.0,0.0,0.0,0.0,58.1,553,126,-57.85,0.0,0.0,-553.0,0.0,0.0,836.655625,28.925,76452.25,276.5,14.4625,138.25,1,57.85,0.0,0.10506329113924051,0.1046112115732369,19.283333333333335,0.0,-57.85,184.33333333333334,0.0,-553.0,1,0,0,0.6710447463768116,1115.5408333333332,101936.33333333333,9.559204840103716,0.3333333333333333,9.641666666666667,0.0,0,0.4135157950710501,0.58648420492895,Not At Risk,Low
595628444,CRS341446,11,1.0,0.0,0.0,53.9,0.0,0.0,0.0,108.0,0.0,53.9,108,138,0.0,53.9,-53.9,0.0,108.0,-108.0,726.3024999999999,26.95,2916.0,54.0,13.475,27.0,1,53.9,0.0,0.49907407407407406,0.49907407407407406,17.966666666666665,26.95,26.95,36.0,54.0,54.0,0,1,0,0.764164751552795,968.4033333333334,3888.0,2.003710575139147,0.3333333333333333,26.95,0.0,0,0.46911862152516015,0.53088137847484,Not At Risk,Low
595628444,CRS348039,11,0.0,0.0,0.0,65.4,0.0,0.0,0.0,587.0,0.0,70.2,642,119,0.0,65.4,-65.4,0.0,587.0,-587.0,1069.2900000000002,32.7,86142.25,293.5,16.35,146.75,1,65.4,0.0,0.10934579439252337,0.11141396933560478,21.8,32.7,32.7,195.66666666666666,293.5,293.5,0,0,0,0.6621179089026915,1425.7200000000003,114856.33333333334,8.975535168195718,0.3333333333333333,32.7,0.0,0,0.23116124840565905,0.768838751594341,Not At Risk,Low
595628444,CRS902591,11,0.0,53.3,0.0,0.0,0.0,403.0,0.0,0.0,0.0,53.3,403,126,-53.3,0.0,0.0,-403.0,0.0,0.0,710.2224999999999,26.65,40602.25,201.5,13.325,100.75,1,53.3,0.0,0.13225806451612904,0.13225806451612904,17.766666666666666,0.0,-53.3,134.33333333333334,0.0,-403.0,1,0,0,0.7032381469979296,946.9633333333333,54136.333333333314,7.560975609756098,0.3333333333333333,8.883333333333333,0.0,0,0.4679662962691621,0.532033703730838,Not At Risk,Low
604754636,CRS055075,9,0.0,0.0,0.0,64.1,0.0,0.0,0.0,208.0,0.0,60.0,259,98,0.0,64.1,-64.1,0.0,208.0,-208.0,1027.2024999999996,32.05,10816.0,104.0,16.025,52.0,1,64.1,0.0,0.23166023166023167,0.3081730769230769,21.366666666666664,32.05,32.05,69.33333333333333,104.0,104.0,0,0,0,0.7409108178053829,1369.6033333333332,14421.333333333336,3.244929797191888,0.3333333333333333,32.05,0.0,0,0.4188393947827228,0.5811606052172773,Not At Risk,Low
604754636,CRS214366,9,0.0,0.0,0.0,64.0,0.0,0.0,0.0,345.0,0.0,64.0,345,126,0.0,64.0,-64.0,0.0,345.0,-345.0,1024.0,32.0,29756.25,172.5,16.0,86.25,1,64.0,0.0,0.1855072463768116,0.1855072463768116,21.333333333333332,32.0,32.0,115.0,172.5,172.5,0,0,0,0.7125714285714286,1365.3333333333335,39675.0,5.390625,0.3333333333333333,32.0,0.0,0,0.2540438374561097,0.7459561625438905,Not At Risk,Low
604754636,CRS348039,9,0.0,31.6,0.0,30.85,0.0,44.0,0.0,92.0,0.0,30.7,136,119,-31.6,30.85,-30.85,-44.0,92.0,-92.0,325.0939583333334,18.030362124298374,1925.3333333333333,43.878620458411554,15.6125,34.0,2,31.6,0.0,0.22573529411764706,0.45919117647058827,20.816666666666666,15.425,-16.175,45.333333333333336,46.0,2.0,1,1,0,0.7298408743521164,325.1408333333334,2117.333333333333,2.1777421937550043,0.6666666666666666,20.691666666666666,-0.75,0,0.45115404378342405,0.5488459562165761,Not At Risk,Low
604754636,CRS902591,9,1.0,0.0,0.0,51.0,0.0,0.0,0.0,568.0,0.0,51.0,568,126,0.0,51.0,-51.0,0.0,568.0,-568.0,650.25,25.5,80656.0,284.0,12.75,142.0,1,51.0,0.0,0.0897887323943662,0.0897887323943662,17.0,25.5,25.5,189.33333333333334,284.0,284.0,0,0,0,0.6696516563146998,867.0,107541.33333333331,11.137254901960786,0.3333333333333333,25.5,0.0,0,0.1945126194612416,0.8054873805387586,Not At Risk,Low
681849635,CRS030597,9,0.0,80.2,0.0,0.0,0.0,505.0,0.0,0.0,0.0,78.4,571,70,-80.2,0.0,0.0,-505.0,0.0,0.0,1608.0100000000002,40.1,63756.25,252.5,20.05,126.25,1,80.2,0.0,0.1373029772329247,0.15881188118811881,26.733333333333334,0.0,-80.2,168.33333333333334,0.0,-505.0,1,0,0,0.6753951345755694,2144.0133333333333,85008.33333333333,6.296758104738155,0.3333333333333333,13.366666666666667,0.0,1,0.5415721475870762,0.4584278524129239,At Risk,Low
681849635,CRS055075,9,0.0,100.0,99.60000000000001,0.0,0.0,118.0,248.0,0.0,0.0,98.4,416,98,-0.3999999999999915,-99.60000000000001,0.0,130.0,-248.0,0.0,3320.0400000000004,57.6197882675735,13979.666666666666,118.23564042481719,49.900000000000006,91.5,2,100.0,0.0,0.23653846153846156,0.5453551912568306,66.53333333333335,0.0,-100.0,122.0,0.0,-118.0,1,0,1,0.589963179019619,3320.0533333333333,15388.0,1.8336673346693384,0.6666666666666666,49.866666666666674,-0.3999999999999915,1,0.7668310835968949,0.23316891640310508,At Risk,Low
681849635,CRS214366,9,0.0,0.0,90.7,84.9,0.0,0.0,459.0,68.0,0.0,83.8,1009,126,90.7,-5.799999999999997,-84.9,459.0,-391.0,-68.0,2575.2200000000007,50.74662550357414,48624.25,220.5090701082384,43.900000000000006,131.75,2,90.7,0.0,0.08305252725470763,0.33320683111954463,58.53333333333334,42.45,42.45,175.66666666666666,34.0,34.0,0,0,1,0.5728835201582869,2578.0233333333335,61364.333333333336,3.0011389521640086,0.6666666666666666,72.68333333333334,-5.799999999999997,1,1.0,0.0,At Risk,Low
681849635,CRS348039,9,0.0,86.4,80.85,77.76666666666667,0.0,41.0,140.0,375.0,0.0,79.0,618,119,-5.550000000000011,-3.0833333333333286,-77.76666666666667,99.0,235.0,-375.0,1680.3484027777777,40.992052922216246,28207.333333333332,167.95038950039185,61.25416666666666,139.0,3,86.4,0.0,0.127831715210356,0.4406774580335731,81.67222222222222,38.88333333333333,-47.51666666666667,185.33333333333334,187.5,146.5,1,0,0,0.46059940087548845,19.140648148148184,29430.333333333332,2.269233385483981,1.0,80.23333333333333,-4.31666666666667,1,0.9459940059940061,0.054005994005994006,At Risk,Low
681849635,CRS902591,9,0.0,90.5,0.0,0.0,0.0,150.0,0.0,0.0,0.0,92.8,752,126,-90.5,0.0,0.0,-150.0,0.0,0.0,2047.5625,45.25,5625.0,75.0,22.625,37.5,1,90.5,0.0,0.12340425531914893,0.6033333333333334,30.166666666666668,0.0,-90.5,50.0,0.0,-150.0,1,0,1,0.746319099378882,2730.083333333333,7500.0,1.6574585635359116,0.3333333333333333,15.083333333333334,0.0,1,0.6896649937674598,0.31033500623254,At Risk,Low
709635156,CRS030597,9,1.0,31.25,0.0,0.0,0.0,629.0,0.0,0.0,0.0,34.1,667,70,-31.25,0.0,0.0,-629.0,0.0,0.0,244.140625,15.625,98910.25,314.5,7.8125,157.25,1,31.25,0.0,0.05112443778110945,0.049682034976152624,10.416666666666666,0.0,-31.25,209.66666666666666,0.0,-629.0,1,0,0,0.6619597567287785,325.52083333333337,131880.33333333334,20.128,0.3333333333333333,5.208333333333333,0.0,0,0.47690765157259773,0.5230923484274023,Not At Risk,Low
709635156,CRS055075,9,0.3333333333333333,70.8,0.0,77.6,0.0,152.0,0.0,215.0,0.0,76.0,420,98,-70.8,77.6,-77.6,-152.0,215.0,-215.0,1842.92,42.929244111677534,11885.583333333334,109.02102243757088,37.099999999999994,91.75,2,77.6,0.0,0.18095238095238095,0.4043596730245231,49.46666666666666,38.8,-32.0,122.33333333333333,107.5,-44.5,1,0,0,0.624375051370353,1846.773333333333,12216.333333333332,2.473045822102426,0.6666666666666666,50.599999999999994,6.799999999999997,1,0.6460143851146967,0.3539856148853031,At Risk,Low
709635156,CRS214366,9,0.25,86.65,0.0,82.1,0.0,579.0,0.0,545.0,0.0,82.3,1124,126,-86.65,82.1,-82.1,-579.0,545.0,-545.0,2376.497291666667,48.74933119199346,105474.0,324.7676092223484,42.1875,281.0,2,86.65,0.0,0.07322064056939502,0.15013345195729538,56.25,41.05,-45.60000000000001,374.6666666666667,272.5,-306.5,1,0,1,0.45384894706307594,2378.2225,105570.33333333333,6.660740740740741,0.6666666666666666,55.49166666666667,-4.550000000000011,1,0.5944661929686785,0.40553380703132125,At Risk,Low
709635156,CRS341446,9,0.0,81.0,0.0,0.0,0.0,123.0,0.0,0.0,0.0,81.0,123,138,-81.0,0.0,0.0,-123.0,0.0,0.0,1640.25,40.5,3782.25,61.5,20.25,30.75,1,81.0,0.0,0.6585365853658537,0.6585365853658537,27.0,0.0,-81.0,41.0,0.0,-123.0,1,1,0,0.7542841614906832,2187.0,5043.0,1.5185185185185186,0.3333333333333333,13.5,0.0,1,0.6988806800419697,0.3011193199580302,At Risk,Low
709635156,CRS348039,9,0.0,43.0,42.03333333333333,41.875,0.0,128.0,357.0,104.0,0.0,41.6,589,119,-0.9666666666666686,-0.15833333333333144,-41.875,229.0,-253.0,-104.0,447.6284895833333,21.15723255965518,22639.583333333332,150.46455839609982,31.727083333333333,147.25,3,43.0,0.0,0.07062818336162989,0.21546406338426713,42.30277777777778,20.9375,-22.0625,196.33333333333334,52.0,-76.0,1,0,0,0.5617328786803869,0.370856481481482,19504.333333333332,4.641145183531421,1.0,42.11527777777778,-0.5625,0,0.27655583296994685,0.7234441670300532,Not At Risk,Low
709635156,CRS902591,9,1.0,55.6,0.0,0.0,0.0,122.0,0.0,0.0,0.0,61.7,659,126,-55.6,0.0,0.0,-122.0,0.0,0.0,772.8400000000001,27.800000000000004,3721.0,61.0,13.9,30.5,1,55.6,0.0,0.09362670713201822,0.4557377049180328,18.533333333333335,0.0,-55.6,40.666666666666664,0.0,-122.0,1,1,0,0.7608412008281573,1030.4533333333331,4961.333333333334,2.1942446043165464,0.3333333333333333,9.266666666666667,0.0,1,0.567081172032597,0.43291882796740294,At Risk,Low
777712833,CRS055075,12,0.5,0.0,0.0,60.1,0.0,0.0,0.0,165.0,0.0,61.1,165,98,0.0,60.1,-60.1,0.0,165.0,-165.0,903.0025,30.05,6806.25,82.5,15.025,41.25,1,60.1,0.0,0.3703030303030303,0.36424242424242426,20.033333333333335,30.05,30.05,55.0,82.5,82.5,0,0,0,0.7508135093167703,1204.0033333333333,9075.0,2.7454242928452577,0.3333333333333333,30.05,0.0,0,0.3782626681183682,0.6217373318816319,Not At Risk,Low
777712833,CRS214366,12,0.5,0.0,0.0,58.900000000000006,0.0,0.0,0.0,517.0,0.0,59.5,1105,126,0.0,58.900000000000006,-58.900000000000006,0.0,517.0,-517.0,867.3025000000001,29.450000000000003,66822.25,258.5,14.725000000000001,129.25,1,58.900000000000006,0.0,0.05384615384615385,0.11392649903288202,19.633333333333336,29.450000000000003,29.450000000000003,172.33333333333334,258.5,258.5,0,0,0,0.6782356625258799,1156.4033333333334,89096.33333333331,8.777589134125636,0.3333333333333333,29.450000000000003,0.0,0,0.1934654053009785,0.8065345946990216,Not At Risk,Low
777712833,CRS348039,12,0.0,0.0,0.0,57.0,0.0,0.0,0.0,136.0,0.0,59.7,172,119,0.0,57.0,-57.0,0.0,136.0,-136.0,812.25,28.5,4624.0,68.0,14.25,34.0,1,57.0,0.0,0.347093023255814,0.41911764705882354,19.0,28.5,28.5,45.333333333333336,68.0,68.0,0,1,0,0.7575926501035197,1083.0,6165.333333333333,2.385964912280702,0.3333333333333333,28.5,0.0,0,0.42691612582699273,0.5730838741730073,Not At Risk,Low
777712833,CRS902591,12,0.0,0.0,0.0,67.1,0.0,0.0,0.0,523.0,0.0,67.1,523,126,0.0,67.1,-67.1,0.0,523.0,-523.0,1125.6024999999997,33.55,68382.25,261.5,16.775,130.75,1,67.1,0.0,0.1282982791586998,0.1282982791586998,22.366666666666664,33.55,33.55,174.33333333333334,261.5,261.5,0,0,0,0.6749434265010352,1500.8033333333333,91176.33333333333,7.794336810730255,0.3333333333333333,33.55,0.0,0,0.2772422970398992,0.7227577029601008,Not At Risk,Low
799755423,CRS030597,12,0.5,100.0,100.0,0.0,0.0,48.0,508.0,0.0,0.0,100.0,597,70,0.0,-100.0,0.0,460.0,-508.0,0.0,3333.3333333333335,57.735026918962575,61028.0,247.0384585444137,50.0,139.0,2,100.0,0.0,0.16750418760469013,0.3597122302158273,66.66666666666667,0.0,-100.0,185.33333333333334,0.0,-48.0,1,0,1,0.5503561822023144,3333.3333333333335,78661.33333333331,2.78,0.6666666666666666,50.0,0.0,1,0.7306559960161921,0.269344003983808,At Risk,Low
799755423,CRS055075,12,0.0,99.1,90.3,0.0,0.0,146.0,175.0,0.0,0.0,89.3,387,98,-8.799999999999997,-90.3,0.0,29.0,-175.0,0.0,3002.27,54.79297400214739,8726.916666666666,93.41796757940448,47.349999999999994,80.25,2,99.1,0.0,0.23074935400516794,0.590031152647975,63.133333333333326,0.0,-99.1,107.0,0.0,-146.0,1,0,1,0.6063763206751023,3008.7233333333334,8797.0,1.6948257655755017,0.6666666666666666,46.61666666666667,-8.799999999999997,1,0.8250395516432435,0.17496044835675637,At Risk,Low
799755423,CRS214366,12,0.5,0.0,92.5,85.45,0.0,0.0,353.0,120.0,0.0,90.6,995,126,92.5,-7.049999999999997,-85.45,353.0,-233.0,-120.0,2647.1339583333333,51.45030571661682,27692.25,166.40988552366713,44.4875,118.25,2,92.5,0.0,0.09105527638190954,0.37621564482029596,59.31666666666666,42.725,42.725,157.66666666666666,60.0,60.0,0,0,1,0.5825335048079749,2651.275833333333,32216.333333333332,2.6580500140488903,0.6666666666666666,73.55833333333334,-7.049999999999997,1,0.998,0.002,At Risk,Low
799755423,CRS341446,12,0.0,100.0,0.0,0.0,0.0,102.0,0.0,0.0,0.0,100.0,102,138,-100.0,0.0,0.0,-102.0,0.0,0.0,2500.0,50.0,2601.0,51.0,25.0,25.5,1,100.0,0.0,0.9803921568627451,0.9803921568627451,33.333333333333336,0.0,-100.0,34.0,0.0,-102.0,1,1,1,0.7538819875776397,3333.333333333333,3468.0,1.02,0.3333333333333333,16.666666666666668,0.0,1,0.6878145752727012,0.31218542472729865,At Risk,Low
799755423,CRS902591,12,0.0,100.0,0.0,99.45,0.0,102.0,0.0,444.0,0.0,99.4,546,126,-100.0,99.45,-99.45,-102.0,444.0,-444.0,3315.075625,57.576693418431034,44337.0,210.56352960567506,49.8625,136.5,2,100.0,0.0,0.18205128205128207,0.36529304029304027,66.48333333333333,49.725,-50.275,182.0,222.0,120.0,1,0,1,0.5527974085759925,3315.1008333333334,54084.0,2.7375282025570318,0.6666666666666666,66.39166666666667,-0.5499999999999972,1,0.840484639016897,0.1595153609831029,At Risk,Low
801188385,CRS030597,12,0.0,50.400000000000006,0.0,0.0,0.0,571.0,0.0,0.0,0.0,49.8,609,70,-50.400000000000006,0.0,0.0,-571.0,0.0,0.0,635.0400000000001,25.200000000000003,81510.25,285.5,12.600000000000001,142.75,1,50.400000000000006,0.0,0.08177339901477831,0.08826619964973731,16.8,0.0,-50.400000000000006,190.33333333333334,0.0,-571.0,1,0,0,0.6691805383022774,846.7200000000003,108680.33333333333,11.329365079365079,0.3333333333333333,8.4,0.0,1,0.5106558179237551,0.4893441820762448,At Risk,Low
801188385,CRS055075,12,0.0,92.8,88.40000000000002,0.0,0.0,137.0,204.0,0.0,0.0,91.5,379,98,-4.399999999999977,-88.40000000000002,0.0,67.0,-204.0,0.0,2739.346666666667,52.33876829527675,10438.25,102.16775420845855,45.300000000000004,85.25,2,92.8,0.0,0.24142480211081793,0.5313782991202347,60.400000000000006,0.0,-92.8,113.66666666666667,0.0,-137.0,1,0,1,0.6075771225118785,2740.9600000000005,10812.333333333332,1.8818984547461368,0.6666666666666666,44.93333333333334,-4.399999999999977,1,0.8200395516432435,0.17996044835675634,At Risk,Low
801188385,CRS214366,12,0.0,0.0,97.3,0.0,0.0,0.0,582.0,0.0,0.0,95.3,1294,126,97.3,-97.3,0.0,582.0,-582.0,0.0,2366.8224999999993,48.64999999999999,84681.0,291.0,24.325,145.5,1,97.3,0.0,0.07364760432766615,0.16718213058419243,32.43333333333333,0.0,0.0,194.0,0.0,0.0,0,0,1,0.6551781055900621,3155.7633333333333,112908.0,5.981500513874615,0.3333333333333333,32.43333333333333,0.0,1,0.6457610781972345,0.35423892180276545,At Risk,Low
801188385,CRS341446,12,0.0,100.0,0.0,0.0,0.0,119.0,0.0,0.0,0.0,100.0,119,138,-100.0,0.0,0.0,-119.0,0.0,0.0,2500.0,50.0,3540.25,59.5,25.0,29.75,1,100.0,0.0,0.8403361344537815,0.8403361344537815,33.333333333333336,0.0,-100.0,39.666666666666664,0.0,-119.0,1,1,1,0.7503623188405797,3333.333333333333,4720.333333333334,1.19,0.3333333333333333,16.666666666666668,0.0,1,0.6878145752727012,0.31218542472729865,At Risk,Low
801188385,CRS348039,12,0.3333333333333333,0.0,53.73333333333333,0.0,0.0,0.0,689.0,0.0,0.0,52.8,747,119,53.73333333333333,-53.73333333333333,0.0,689.0,-689.0,0.0,721.8177777777777,26.866666666666664,118680.25,344.5,13.433333333333332,172.25,1,53.73333333333333,0.0,0.07068273092369477,0.0779874213836478,17.911111111111108,0.0,0.0,229.66666666666666,0.0,0.0,0,0,0,0.643916563146998,962.4237037037037,158240.33333333334,12.822580645161292,0.3333333333333333,17.911111111111108,0.0,0,0.24526912762219436,0.7547308723778058,Not At Risk,Low
801188385,CRS902591,12,0.0,65.4,0.0,0.0,0.0,91.0,0.0,0.0,0.0,61.5,460,126,-65.4,0.0,0.0,-91.0,0.0,0.0,1069.2900000000004,32.70000000000001,2070.25,45.5,16.35,22.75,1,65.4,0.0,0.13369565217391305,0.7186813186813188,21.8,0.0,-65.4,30.333333333333332,0.0,-91.0,1,1,0,0.7648094202898551,1425.7200000000003,2760.3333333333335,1.3914373088685015,0.3333333333333333,10.9,0.0,1,0.6380713310400011,0.36192866895999865,At Risk,Low
838369578,CRS030597,9,0.0,77.2,0.0,0.0,0.0,44.0,0.0,0.0,0.0,79.5,97,70,-77.2,0.0,0.0,-44.0,0.0,0.0,1489.96,38.6,484.0,22.0,19.3,11.0,1,77.2,0.0,0.8195876288659794,1.7545454545454546,25.733333333333334,0.0,-77.2,14.666666666666666,0.0,-44.0,1,1,0,0.7715902691511387,1986.6133333333335,645.3333333333334,0.5699481865284973,0.3333333333333333,12.866666666666667,0.0,1,0.6988806800419697,0.3011193199580302,At Risk,Low
838369578,CRS055075,9,0.0,77.2,78.30000000000001,77.93333333333334,0.0,196.0,123.0,39.0,0.0,78.7,403,98,1.1000000000000085,-0.36666666666667425,-77.93333333333334,-73.0,-84.0,-39.0,1513.851388888889,38.90824319972426,7675.0,87.60707733967615,58.358333333333334,89.5,3,78.30000000000001,0.0,0.19528535980148884,0.6520484171322161,77.81111111111112,38.96666666666667,-38.233333333333334,119.33333333333333,19.5,-176.5,1,0,0,0.5119047369170469,0.31370370370370804,6172.333333333333,1.533628444952163,1.0,77.93333333333334,0.36666666666666714,1,0.9544018781518783,0.04559812184812186,At Risk,Low
838369578,CRS214366,9,0.3333333333333333,78.2,83.80000000000001,81.4,0.0,373.0,328.0,73.0,0.0,81.7,774,126,5.6000000000000085,-2.4000000000000057,-81.4,-45.0,-255.0,-73.0,1650.916666666667,40.631473843151035,34091.0,184.63748265181692,60.85,193.5,3,83.80000000000001,0.0,0.10555555555555556,0.3144702842377261,81.13333333333334,40.7,-37.5,258.0,36.5,-336.5,1,0,0,0.41676450048133307,7.893333333333357,26175.0,3.1799506984387835,1.0,81.66666666666667,1.6000000000000014,1,0.8896263589351824,0.11037364106481753,At Risk,Low
838369578,CRS348039,9,0.5,74.7,76.5,0.0,0.0,108.0,546.0,0.0,0.0,76.9,654,119,1.7999999999999972,-76.5,0.0,438.0,-546.0,0.0,1905.6599999999999,43.65386580819619,67617.0,260.0326902525911,37.8,163.5,2,76.5,0.0,0.11758409785932722,0.2311926605504587,50.4,0.0,-74.7,218.0,0.0,-108.0,1,0,0,0.5629040049083178,1905.93,83604.0,4.325396825396825,0.6666666666666666,37.949999999999996,1.7999999999999972,1,0.7131661116963159,0.28683388830368395,At Risk,Low
838369578,CRS902591,9,0.0,86.2,0.0,0.0,0.0,86.0,0.0,0.0,0.0,77.3,477,126,-86.2,0.0,0.0,-86.0,0.0,0.0,1857.6100000000004,43.1,1849.0,43.0,21.55,21.5,1,86.2,0.0,0.1620545073375262,1.0023255813953489,28.733333333333334,0.0,-86.2,28.666666666666668,0.0,-86.0,1,1,0,0.7606446169772256,2476.8133333333335,2465.333333333333,0.9976798143851509,0.3333333333333333,14.366666666666667,0.0,1,0.6988806800419697,0.3011193199580302,At Risk,Low
863551595,CRS030597,12,1.0,75.2,0.0,0.0,0.0,57.0,0.0,0.0,0.0,68.1,101,70,-75.2,0.0,0.0,-57.0,0.0,0.0,1413.7600000000002,37.6,812.25,28.5,18.8,14.25,1,75.2,0.0,0.6742574257425742,1.3192982456140352,25.066666666666666,0.0,-75.2,19.0,0.0,-57.0,1,1,0,0.7693987577639753,1885.0133333333335,1083.0,0.7579787234042553,0.3333333333333333,12.533333333333333,0.0,1,0.6273574059555669,0.37264259404443306,At Risk,Low
863551595,CRS055075,12,0.0,0.0,73.25,71.73333333333333,0.0,0.0,320.0,53.0,0.0,70.3,430,98,73.25,-1.5166666666666657,-71.73333333333333,320.0,-267.0,-53.0,1752.0639583333334,41.857663077784615,23475.583333333332,153.21743808500824,36.24583333333334,93.25,2,73.25,0.0,0.16348837209302325,0.38869526362823953,48.32777777777778,35.86666666666667,35.86666666666667,124.33333333333333,26.5,26.5,0,0,0,0.6252604866110557,1752.255648148148,29416.33333333334,2.572709506839866,0.6666666666666666,60.28333333333333,-1.5166666666666657,1,0.9755952380952381,0.024404761904761908,At Risk,Low
863551595,CRS214366,12,0.0,0.0,0.0,65.4,0.0,0.0,0.0,430.0,0.0,66.2,546,126,0.0,65.4,-65.4,0.0,430.0,-430.0,1069.2900000000002,32.7,46225.0,215.0,16.35,107.5,1,65.4,0.0,0.12124542124542124,0.15209302325581397,21.8,32.7,32.7,143.33333333333334,215.0,215.0,0,0,0,0.6946230848861283,1425.7200000000003,61633.33333333333,6.574923547400612,0.3333333333333333,32.7,0.0,0,0.25059053213813426,0.7494094678618657,Not At Risk,Low
863551595,CRS348039,12,0.0,0.0,65.65,67.26666666666667,0.0,0.0,719.0,104.0,0.0,67.0,871,119,65.65,1.61666666666666,-67.26666666666667,719.0,-615.0,-104.0,1472.6722916666668,38.37541259278741,119481.58333333333,345.66108160065306,33.22916666666667,205.75,2,67.26666666666667,0.0,0.07692307692307693,0.16150263264479547,44.305555555555564,33.63333333333333,33.63333333333333,274.3333333333333,52.0,52.0,0,0,0,0.5402116171110407,1472.8900925925927,151000.33333333334,6.191849529780563,0.6666666666666666,55.51666666666667,1.61666666666666,0,0.20440935799906174,0.7955906420009383,Not At Risk,Low
863551595,CRS902591,12,0.0,0.0,0.0,61.3,0.0,0.0,0.0,105.0,0.0,65.4,672,126,0.0,61.3,-61.3,0.0,105.0,-105.0,939.4224999999998,30.649999999999995,2756.25,52.5,15.325,26.25,1,61.3,0.0,0.09732142857142859,0.5838095238095238,20.433333333333334,30.65,30.65,35.0,52.5,52.5,0,1,0,0.7629358695652174,1252.563333333333,3675.0,1.7128874388254487,0.3333333333333333,30.649999999999995,0.0,1,0.5125874997552098,0.48741250024479016,At Risk,Low
961807891,CRS030597,10,0.0,71.4,0.0,0.0,0.0,62.0,0.0,0.0,0.0,78.2,120,70,-71.4,0.0,0.0,-62.0,0.0,0.0,1274.49,35.7,961.0,31.0,17.85,15.5,1,71.4,0.0,0.6516666666666667,1.1516129032258065,23.8,0.0,-71.4,20.666666666666668,0.0,-62.0,1,1,0,0.7693135610766045,1699.3200000000004,1281.3333333333333,0.8683473389355743,0.3333333333333333,11.9,0.0,1,0.70473672126248,0.2952632787375199,At Risk,Low
961807891,CRS055075,10,0.0,65.8,68.35,0.0,0.0,178.0,61.0,0.0,0.0,68.6,283,98,2.549999999999997,-68.35,0.0,-117.0,-61.0,0.0,1500.768958333333,38.7397593995282,7041.583333333333,83.91414263003188,33.537499999999994,59.75,2,68.35,0.0,0.24240282685512365,0.5612970711297071,44.71666666666666,0.0,-65.8,79.66666666666667,0.0,-178.0,1,0,0,0.6603096171427418,1501.3108333333332,8182.333333333334,1.7815877748788673,0.6666666666666666,33.75,2.549999999999997,1,0.5980142786532743,0.4019857213467257,At Risk,Low
961807891,CRS214366,10,0.5,0.0,65.4,65.75,0.0,0.0,493.0,111.0,0.0,65.6,700,126,65.4,0.3499999999999943,-65.75,493.0,-382.0,-111.0,1433.3806250000005,37.8600135367118,54722.0,233.92733914615454,32.7875,151.0,2,65.75,0.0,0.09371428571428571,0.21713576158940398,43.71666666666667,32.875,32.875,201.33333333333334,55.5,55.5,0,0,0,0.586730767239055,1433.3908333333336,66882.33333333333,4.605413648494091,0.6666666666666666,54.675000000000004,0.3499999999999943,0,0.16155380443762582,0.8384461955623743,Not At Risk,Low
961807891,CRS341446,10,1.0,0.0,0.0,88.4,0.0,0.0,0.0,114.0,0.0,88.4,114,138,0.0,88.4,-88.4,0.0,114.0,-114.0,1953.6400000000006,44.2,3249.0,57.0,22.1,28.5,1,88.4,0.0,0.7754385964912281,0.7754385964912281,29.46666666666667,44.2,44.2,38.0,57.0,57.0,0,1,0,0.7542975155279503,2604.853333333334,4332.0,1.2895927601809953,0.3333333333333333,44.20000000000001,0.0,1,0.5245265105293151,0.4754734894706849,At Risk,Low
961807891,CRS348039,10,0.3333333333333333,0.0,86.6,82.53333333333333,0.0,0.0,467.0,122.0,0.0,84.0,628,119,86.6,-4.066666666666663,-82.53333333333333,467.0,-345.0,-122.0,2386.5966666666664,48.85280612888748,48747.583333333336,220.78854891803908,42.28333333333333,147.25,2,86.6,0.0,0.1337579617834395,0.2871533672891907,56.37777777777777,41.266666666666666,41.266666666666666,196.33333333333334,61.0,61.0,0,0,1,0.5643427758188515,2387.9748148148146,58666.33333333333,3.4824595979503354,0.6666666666666666,70.13333333333333,-4.066666666666663,1,0.998,0.002,At Risk,Low
961807891,CRS902591,10,1.0,53.3,0.0,56.4,0.0,115.0,0.0,501.0,0.0,56.7,616,126,-53.3,56.4,-56.4,-115.0,501.0,-501.0,1004.4424999999998,31.692940854392162,56454.0,237.60050504996826,27.424999999999997,154.0,2,56.4,0.0,0.09204545454545456,0.17808441558441557,36.56666666666666,28.2,-25.099999999999998,205.33333333333334,250.5,135.5,1,0,0,0.5987246498247264,1005.2433333333333,68870.33333333331,5.615314494074751,0.6666666666666666,37.083333333333336,3.1000000000000014,0,0.15741088703493275,0.8425891129650672,Not At Risk,Low
981328416,CRS055075,12,0.0,0.0,62.6,0.0,0.0,0.0,162.0,0.0,0.0,62.5,197,98,62.6,-62.6,0.0,162.0,-162.0,0.0,979.6900000000002,31.300000000000004,6561.0,81.0,15.65,40.5,1,62.6,0.0,0.31725888324873097,0.38641975308641974,20.866666666666667,0.0,0.0,54.0,0.0,0.0,0,0,0,0.7508096273291925,1306.2533333333333,8748.0,2.587859424920128,0.3333333333333333,20.866666666666667,0.0,0,0.468930483386901,0.5310695166130991,Not At Risk,Low
981328416,CRS348039,12,0.6666666666666666,61.75,0.0,62.86666666666667,0.0,127.0,0.0,457.0,0.0,63.3,584,119,-61.75,62.86666666666667,-62.86666666666667,-127.0,457.0,-457.0,1294.3172916666665,35.97662145986844,46571.333333333336,215.8039233501869,31.15416666666667,146.0,2,62.86666666666667,0.0,0.1083904109589041,0.21338470319634706,41.53888888888889,31.433333333333334,-30.316666666666666,194.66666666666666,228.5,101.5,1,0,0,0.5952714365015175,1294.4212037037037,55646.33333333334,4.686371539387454,0.6666666666666666,41.725,1.1166666666666671,0,0.16141494775510598,0.8385850522448939,Not At Risk,Low
981328416,CRS902591,12,0.0,0.0,0.0,65.3,0.0,0.0,0.0,535.0,0.0,65.3,535,126,0.0,65.3,-65.3,0.0,535.0,-535.0,1066.0224999999998,32.65,71556.25,267.5,16.325,133.75,1,65.3,0.0,0.12205607476635513,0.12205607476635513,21.766666666666666,32.65,32.65,178.33333333333334,267.5,267.5,0,0,0,0.6729089544513458,1421.3633333333332,95408.33333333331,8.192955589586525,0.3333333333333333,32.65,0.0,0,0.23459053213813427,0.7654094678618657,Not At Risk,Low
