studentId,courseId,gradeLevel,late_submission_rate,Score_Month_1,Score_Month_2,Score_Month_3,TimeSpent_Month_1,TimeSpent_Month_2,TimeSpent_Month_3,finalScore,totalTimeSpentMinutes,course_duration_days,score_change_month_2,score_change_month_3,time_change_month_2,time_change_month_3,score_variance,score_std,time_variance,time_std,avg_monthly_score,avg_monthly_time,total_active_months,max_monthly_score,min_monthly_score,score_per_minute,monthly_score_per_minute,early_avg_score,late_avg_score,score_improvement,early_avg_time,late_avg_time,time_trend,declining_performance,low_engagement,inconsistent_performance,risk_score,early_score_variance,early_time_variance,early_time_score_ratio,early_engagement,weighted_early_score,early_trend,at_risk_prediction,at_risk_probability,not_at_risk_probability,risk_status,prediction_confidence
167160520,CRS261592,11,0.125,0.0,88.38333333333333,87.5375,0.0,1213.0,198.0,86.3,2116,77,88.38333333333333,-0.8458333333333314,1213.0,-1015.0,2579.1904918981477,50.78573118404566,423466.3333333334,650.7429087845163,58.640277777777776,470.3333333333333,2,88.38333333333333,0.0,0.040784499054820414,0.1246781242617529,58.640277777777776,87.5375,87.5375,470.3333333333333,198.0,198.0,0,0,1,0.0018181818181818182,2579.1904918981477,423466.3333333334,8.020653229435588,0.6666666666666666,73.2298611111111,-0.8458333333333314,0,0.0018181818181818182,0.9981818181818182,Not At Risk,Very High
167160520,CRS430230,11,0.09090909090909091,92.72,91.68,89.7,968.0,1524.0,498.0,90.1,2990,133,-1.039999999999992,-1.980000000000004,556.0,-1026.0,2.353733333333329,1.5341881675118372,263785.3333333333,513.600363447431,91.36666666666667,996.6666666666666,3,92.72,89.7,0.030133779264214046,0.0916722408026756,91.36666666666667,89.7,-3.019999999999996,996.6666666666666,498.0,-470.0,0,0,0,0.22303479853479857,2.353733333333329,263785.3333333333,10.908427581174752,1.0,90.86333333333334,-1.509999999999998,0,0.22303479853479857,0.7769652014652014,Not At Risk,High
167160520,CRS583398,11,0.0,0.0,68.1,67.6,0.0,710.0,304.0,68.1,1838,98,68.1,-0.5,710.0,-406.0,1534.603333333333,39.174013495343225,126892.0,356.2190337418819,45.23333333333333,338.0,2,68.1,0.0,0.03705114254624592,0.1338264299802761,45.23333333333333,67.6,67.6,338.0,304.0,304.0,0,0,0,0.24835181485181487,1534.603333333333,126892.0,7.472365512159175,0.6666666666666666,56.5,-0.5,0,0.24835181485181487,0.7516481851481851,Not At Risk,High
167160520,CRS831057,11,0.0,0.0,87.2,86.1875,0.0,1150.0,82.0,89.4,1597,112,87.2,-1.0125000000000028,1150.0,-1068.0,2505.5250520833333,50.05522002831806,411641.33333333326,641.5928096022689,57.79583333333333,410.6666666666667,2,87.2,0.0,0.05597996242955542,0.14073660714285713,57.79583333333333,86.1875,86.1875,410.6666666666667,82.0,82.0,0,0,1,0.02156177156177156,2505.5250520833333,411641.33333333326,7.10547184773989,0.6666666666666666,72.16041666666666,-1.0125000000000028,0,0.02156177156177156,0.9784382284382285,Not At Risk,Very High
173171118,CRS261592,10,0.5,0.0,57.95,0.0,0.0,288.0,0.0,61.0,1013,77,57.95,-57.95,288.0,-288.0,1119.4008333333336,33.457448099538816,27648.0,166.27687752661222,19.316666666666666,96.0,1,57.95,0.0,0.060217176702862786,0.20121527777777778,19.316666666666666,0.0,0.0,96.0,0.0,0.0,0,1,0,0.5519577089577089,1119.4008333333336,27648.0,4.969801553062985,0.3333333333333333,19.316666666666666,0.0,1,0.5519577089577089,0.4480422910422911,At Risk,Low
173171118,CRS430230,10,0.0,63.45,60.43333333333334,0.0,274.0,210.0,0.0,59.8,484,133,-3.0166666666666657,-60.43333333333334,-64.0,-210.0,1281.1984259259261,35.793832233024816,20545.333333333336,143.33643407498784,41.294444444444444,161.33333333333334,2,63.45,0.0,0.12355371900826445,0.2559573002754821,41.294444444444444,0.0,-63.45,161.33333333333334,0.0,-274.0,1,1,0,0.38258774558774555,1281.1984259259261,20545.333333333336,3.9069016547827258,0.6666666666666666,30.719444444444445,-3.0166666666666657,0,0.38258774558774555,0.6174122544122543,Not At Risk,Medium
173171118,CRS583398,10,0.5,0.0,68.75,0.0,0.0,539.0,0.0,69.3,1359,98,68.75,-68.75,539.0,-539.0,1575.5208333333333,39.69283100678677,96840.33333333334,311.1917950932083,22.916666666666668,179.66666666666666,1,68.75,0.0,0.05099337748344371,0.12755102040816327,22.916666666666668,0.0,0.0,179.66666666666666,0.0,0.0,0,1,0,0.48468387168387167,1575.5208333333333,96840.33333333334,7.839999999999999,0.3333333333333333,22.916666666666668,0.0,0,0.48468387168387167,0.5153161283161283,Not At Risk,Low
173171118,CRS831057,10,1.0,0.0,57.8,0.0,0.0,187.0,0.0,56.1,439,112,57.8,-57.8,187.0,-187.0,1113.6133333333332,33.370845559160365,11656.333333333332,107.96450033846001,19.266666666666666,62.333333333333336,1,57.8,0.0,0.12779043280182234,0.3090909090909091,19.266666666666666,0.0,0.0,62.333333333333336,0.0,0.0,0,1,0,0.572989454989455,1113.6133333333332,11656.333333333332,3.2352941176470593,0.3333333333333333,19.266666666666666,0.0,1,0.572989454989455,0.42701054501054503,At Risk,Low
196116423,CRS261592,11,0.2,0.0,69.78,0.0,0.0,1177.0,0.0,69.9,1966,77,69.78,-69.78,1177.0,-1177.0,1623.0828000000001,40.28750178405209,461776.3333333334,679.5412668361896,23.26,392.3333333333333,1,69.78,0.0,0.03555442522889115,0.05928632115548004,23.26,0.0,0.0,392.3333333333333,0.0,0.0,0,0,0,0.27278737928737934,1623.0828000000001,461776.3333333334,16.867297219833763,0.3333333333333333,23.26,0.0,0,0.27278737928737934,0.7272126207126206,Not At Risk,Medium
196116423,CRS430230,11,0.2857142857142857,68.35,65.74285714285715,0.0,287.0,1301.0,0.0,65.7,1588,133,-2.607142857142847,-65.74285714285715,1014.0,-1301.0,1500.1071598639455,38.73121686526187,467194.3333333334,683.5161544055367,44.69761904761905,529.3333333333334,2,68.35,0.0,0.0413727959697733,0.08444134580784454,44.69761904761905,0.0,-68.35,529.3333333333334,0.0,-287.0,1,0,0,0.5149006549006548,1500.1071598639455,467194.3333333334,11.84253981782347,0.6666666666666666,33.305952380952384,-2.607142857142847,1,0.5149006549006548,0.48509934509934516,At Risk,Low
196116423,CRS583398,11,0.4,0.0,77.25999999999999,0.0,0.0,644.0,0.0,79.4,1315,98,77.25999999999999,-77.25999999999999,644.0,-644.0,1989.7025333333327,44.60608179759048,138245.33333333334,371.813573358119,25.75333333333333,214.66666666666666,1,77.25999999999999,0.0,0.06038022813688213,0.11996894409937887,25.75333333333333,0.0,0.0,214.66666666666666,0.0,0.0,0,1,0,0.3907131757131757,1989.7025333333327,138245.33333333334,8.335490551384934,0.3333333333333333,25.75333333333333,0.0,0,0.3907131757131757,0.6092868242868242,Not At Risk,Medium
196116423,CRS831057,11,0.4,0.0,69.91999999999999,0.0,0.0,740.0,0.0,70.9,841,112,69.91999999999999,-69.91999999999999,740.0,-740.0,1629.6021333333329,40.368330821738624,182533.33333333334,427.23919920032307,23.30666666666666,246.66666666666666,1,69.91999999999999,0.0,0.08430439952437575,0.09448648648648647,23.30666666666666,0.0,0.0,246.66666666666666,0.0,0.0,0,1,0,0.44019702519702514,1629.6021333333329,182533.33333333334,10.583524027459957,0.3333333333333333,23.30666666666666,0.0,0,0.44019702519702514,0.5598029748029747,Not At Risk,Low
288594507,CRS261592,12,0.6666666666666666,0.0,52.5,0.0,0.0,646.0,0.0,55.9,1421,77,52.5,-52.5,646.0,-646.0,918.75,30.31088913245535,139105.3333333333,372.9682738964982,17.5,215.33333333333334,1,52.5,0.0,0.03933849401829697,0.08126934984520123,17.5,0.0,0.0,215.33333333333334,0.0,0.0,0,1,0,0.6734151404151405,918.75,139105.3333333333,12.304761904761905,0.3333333333333333,17.5,0.0,1,0.6734151404151405,0.32658485958485955,At Risk,Medium
288594507,CRS430230,12,0.1111111111111111,60.17999999999999,60.32222222222222,0.0,1003.0,1297.0,0.0,60.3,2300,133,0.14222222222223024,-60.32222222222222,294.0,-1297.0,1210.070520164609,34.786067903179415,462442.3333333334,680.0311267385732,40.1674074074074,766.6666666666666,2,60.32222222222222,0.0,0.026217391304347824,0.05239227053140096,40.1674074074074,0.0,-60.17999999999999,766.6666666666666,0.0,-1003.0,1,0,0,0.6720281385281385,1210.070520164609,462442.3333333334,19.086784937115038,0.6666666666666666,30.13740740740741,0.14222222222223024,1,0.6720281385281385,0.3279718614718615,At Risk,Medium
288594507,CRS583398,12,0.5,0.0,41.05,0.0,0.0,271.0,0.0,40.9,411,98,41.05,-41.05,271.0,-271.0,561.7008333333333,23.700228550234137,24480.333333333336,156.46192295038858,13.683333333333332,90.33333333333333,1,41.05,0.0,0.09951338199513382,0.1514760147601476,13.683333333333332,0.0,0.0,90.33333333333333,0.0,0.0,0,1,0,0.7944526584526586,561.7008333333333,24480.333333333336,6.601705237515226,0.3333333333333333,13.683333333333332,0.0,1,0.7944526584526586,0.20554734154734144,At Risk,High
288594507,CRS831057,12,0.25,0.0,61.7,0.0,0.0,432.0,0.0,61.6,632,112,61.7,-61.7,432.0,-432.0,1268.9633333333336,35.622511608999915,62208.0,249.41531628991834,20.566666666666666,144.0,1,61.7,0.0,0.09746835443037975,0.14282407407407408,20.566666666666666,0.0,0.0,144.0,0.0,0.0,0,1,0,0.42681751581751576,1268.9633333333336,62208.0,7.00162074554295,0.3333333333333333,20.566666666666666,0.0,0,0.42681751581751576,0.5731824841824842,Not At Risk,Low
292740070,CRS261592,9,0.0,0.0,87.81666666666666,90.3,0.0,1439.0,246.0,89.3,2433,77,87.81666666666666,2.4833333333333343,1439.0,-1193.0,2645.3373148148144,51.43284276427674,592414.3333333334,769.6845674257302,59.37222222222223,561.6666666666666,2,90.3,0.0,0.03670365803534731,0.10570722057368943,59.37222222222223,90.3,90.3,561.6666666666666,246.0,246.0,0,0,1,0.0,2645.3373148148144,592414.3333333334,9.460091700196498,0.6666666666666666,74.42222222222222,2.4833333333333343,0,0.0,1.0,Not At Risk,Very High
292740070,CRS430230,9,0.0,89.42,89.18000000000002,89.29166666666669,1071.0,1275.0,402.0,89.6,2748,133,-0.23999999999998067,0.11166666666666458,204.0,-873.0,0.014423148148145786,0.12009641188705758,208551.0,456.67384422583257,89.29722222222223,916.0,3,89.42,89.18000000000002,0.03260553129548763,0.0974860504609413,89.29722222222223,89.29166666666669,-0.1283333333333161,916.0,402.0,-669.0,0,0,0,0.199518315018315,0.014423148148145786,208551.0,10.257877873518524,1.0,89.27583333333335,-0.06416666666665805,0,0.199518315018315,0.8004816849816849,Not At Risk,High
292740070,CRS583398,9,0.0,0.0,87.88333333333333,88.36666666666666,0.0,770.0,286.0,87.6,2028,98,87.88333333333333,0.4833333333333343,770.0,-484.0,2588.7302777777772,50.87956640713222,151492.0,389.2197322849909,58.75,352.0,2,88.36666666666666,0.0,0.043195266272189344,0.1669034090909091,58.75,88.36666666666666,88.36666666666666,352.0,286.0,286.0,0,0,1,0.0,2588.7302777777772,151492.0,5.991489361702127,0.6666666666666666,73.47777777777777,0.4833333333333343,0,0.0,1.0,Not At Risk,Very High
292740070,CRS831057,9,0.0,0.0,87.97142857142858,87.1375,0.0,1093.0,82.0,86.1,1566,112,87.97142857142858,-0.8339285714285722,1093.0,-1011.0,2555.435264668368,50.55131318441063,370582.3333333333,608.7547398857222,58.36964285714286,391.6666666666667,2,87.97142857142858,0.0,0.05498084291187739,0.1490288753799392,58.36964285714286,87.1375,87.1375,391.6666666666667,82.0,82.0,0,0,1,0.02156177156177156,2555.435264668368,370582.3333333333,6.710109013777139,0.6666666666666666,72.89255952380954,-0.8339285714285722,0,0.02156177156177156,0.9784382284382285,Not At Risk,Very High
300007546,CRS261592,9,0.2857142857142857,0.0,78.7,79.95714285714287,0.0,1583.0,59.0,77.4,2249,77,78.7,1.2571428571428669,1583.0,-1524.0,2098.0691836734695,45.8046851716445,805324.3333333331,897.3986479448992,52.88571428571429,547.3333333333334,2,79.95714285714287,0.0,0.03441529568697199,0.09662432573516617,52.88571428571429,79.95714285714287,79.95714285714287,547.3333333333334,59.0,59.0,0,0,0,0.04300865800865801,2098.0691836734695,805324.3333333331,10.349360705924724,0.6666666666666666,66.21190476190476,1.2571428571428669,0,0.04300865800865801,0.9569913419913421,Not At Risk,Very High
300007546,CRS430230,9,0.125,75.975,79.44999999999999,0.0,778.0,811.0,0.0,80.3,1589,133,3.4749999999999943,-79.44999999999999,33.0,-811.0,2016.096458333333,44.90096277735404,210682.33333333334,459.001452430527,51.80833333333333,529.6666666666666,2,79.44999999999999,0.0,0.050534927627438636,0.09781308999370673,51.80833333333333,0.0,-75.975,529.6666666666666,0.0,-778.0,1,0,0,0.21663247863247867,2016.096458333333,210682.33333333334,10.223580505066753,0.6666666666666666,39.14583333333333,3.4749999999999943,0,0.21663247863247867,0.7833675213675214,Not At Risk,High
300007546,CRS583398,9,0.0,0.0,81.04285714285713,82.13749999999999,0.0,831.0,115.0,80.7,1646,98,81.04285714285713,1.0946428571428584,831.0,-716.0,2219.2853071853733,47.1092910919425,202740.33333333334,450.2669578520429,54.393452380952375,315.3333333333333,2,82.13749999999999,0.0,0.04902794653705954,0.17249509211718514,54.393452380952375,82.13749999999999,82.13749999999999,315.3333333333333,115.0,115.0,0,0,1,0.01974358974358974,2219.2853071853733,202740.33333333334,5.797266390168635,0.6666666666666666,68.0830357142857,1.0946428571428584,0,0.01974358974358974,0.9802564102564104,Not At Risk,Very High
300007546,CRS831057,9,0.0,0.0,83.01666666666667,0.0,0.0,659.0,0.0,83.4,1038,112,83.01666666666667,-83.01666666666667,659.0,-659.0,2297.2556481481483,47.929694847225434,144760.33333333334,380.4738273959634,27.67222222222222,219.66666666666666,1,83.01666666666667,0.0,0.08034682080924856,0.12597369752149723,27.67222222222222,0.0,0.0,219.66666666666666,0.0,0.0,0,1,1,0.20100366300366307,2297.2556481481483,144760.33333333334,7.9381650271029915,0.3333333333333333,27.67222222222222,0.0,0,0.20100366300366307,0.798996336996337,Not At Risk,High
334072557,CRS430230,11,0.1,85.28,81.02,0.0,991.0,1387.0,0.0,81.3,2378,133,-4.260000000000005,-81.02,396.0,-1387.0,2309.177733333333,48.05390445461568,510444.3333333334,714.4538706825888,55.43333333333334,792.6666666666666,2,85.28,0.0,0.03418839360807401,0.06993271656854501,55.43333333333334,0.0,-85.28,792.6666666666666,0.0,-991.0,1,0,1,0.23539682539682544,2309.177733333333,510444.3333333334,14.299458809380635,0.6666666666666666,41.22,-4.260000000000005,0,0.23539682539682544,0.7646031746031745,Not At Risk,High
334072557,CRS583398,11,0.14285714285714285,0.0,80.5,80.65714285714286,0.0,773.0,162.0,80.6,1673,98,80.5,0.15714285714285836,773.0,-611.0,2164.308231292517,46.52212625506832,166182.33333333334,407.6546741217784,53.719047619047615,311.6666666666667,2,80.65714285714286,0.0,0.04817692767483562,0.1723605805958747,53.719047619047615,80.65714285714286,80.65714285714286,311.6666666666667,162.0,162.0,0,0,0,0.01974358974358974,2164.308231292517,166182.33333333334,5.801790621398813,0.6666666666666666,67.16190476190476,0.15714285714285836,0,0.01974358974358974,0.9802564102564104,Not At Risk,Very High
334072557,CRS831057,11,0.0,0.0,77.3875,0.0,0.0,1172.0,0.0,78.0,1496,112,77.3875,-77.3875,1172.0,-1172.0,1996.2750520833335,44.67969395691217,457861.3333333333,676.6545154902414,25.795833333333334,390.6666666666667,1,77.3875,0.0,0.05213903743315508,0.06603029010238907,25.795833333333334,0.0,0.0,390.6666666666667,0.0,0.0,0,0,0,0.2200541680541681,1996.2750520833335,457861.3333333333,15.144564690680019,0.3333333333333333,25.795833333333334,0.0,0,0.2200541680541681,0.7799458319458319,Not At Risk,High
341741570,CRS261592,12,0.25,0.0,67.35000000000001,0.0,0.0,969.0,0.0,66.9,1440,77,67.35000000000001,-67.35000000000001,969.0,-969.0,1512.0075000000004,38.8845406299213,312987.0,559.4524108447474,22.450000000000003,323.0,1,67.35000000000001,0.0,0.04645833333333334,0.0695046439628483,22.450000000000003,0.0,0.0,323.0,0.0,0.0,0,0,0,0.43769630369630363,1512.0075000000004,312987.0,14.387527839643651,0.3333333333333333,22.450000000000003,0.0,0,0.43769630369630363,0.5623036963036963,Not At Risk,Low
341741570,CRS430230,12,0.42857142857142855,68.625,68.61428571428571,0.0,651.0,1072.0,0.0,69.4,1723,133,-0.01071428571428612,-68.61428571428571,421.0,-1072.0,1569.551823979592,39.61756963746757,291704.3333333333,540.0965962986004,45.74642857142857,574.3333333333334,2,68.625,0.0,0.04027858386535114,0.07965135560898763,45.74642857142857,0.0,-68.625,574.3333333333334,0.0,-651.0,1,0,0,0.48694178044178044,1569.551823979592,291704.3333333333,12.554714133291698,0.6666666666666666,34.308928571428574,-0.01071428571428612,0,0.48694178044178044,0.5130582195582195,Not At Risk,Low
341741570,CRS583398,12,0.3333333333333333,0.0,49.26666666666667,0.0,0.0,459.0,0.0,51.0,1291,98,49.26666666666667,-49.26666666666667,459.0,-459.0,809.0681481481485,28.444123262075568,70227.0,265.00377355803823,16.422222222222224,153.0,1,49.26666666666667,0.0,0.039504260263361735,0.10733478576615833,16.422222222222224,0.0,0.0,153.0,0.0,0.0,0,1,0,0.6034151404151404,809.0681481481485,70227.0,9.316644113667117,0.3333333333333333,16.422222222222224,0.0,1,0.6034151404151404,0.3965848595848596,At Risk,Medium
341741570,CRS831057,12,0.0,0.0,67.22,0.0,0.0,759.0,0.0,71.3,1052,112,67.22,-67.22,759.0,-759.0,1506.1761333333334,38.80948509492664,192027.0,438.20885431492593,22.406666666666666,253.0,1,67.22,0.0,0.06777566539923954,0.0885638998682477,22.406666666666666,0.0,0.0,253.0,0.0,0.0,0,1,0,0.36283916083916085,1506.1761333333334,192027.0,11.291282356441535,0.3333333333333333,22.406666666666666,0.0,0,0.36283916083916085,0.6371608391608391,Not At Risk,Medium
394292571,CRS261592,10,0.2,0.0,67.28,0.0,0.0,1326.0,0.0,69.7,2241,77,67.28,-67.28,1326.0,-1326.0,1508.8661333333337,38.844126111078026,586092.0,765.5664569454437,22.426666666666666,442.0,1,67.28,0.0,0.03110218652387327,0.05073906485671192,22.426666666666666,0.0,0.0,442.0,0.0,0.0,0,0,0,0.41830253080253077,1508.8661333333337,586092.0,19.708680142687278,0.3333333333333333,22.426666666666666,0.0,0,0.41830253080253077,0.5816974691974692,Not At Risk,Low
394292571,CRS430230,10,0.2222222222222222,69.125,68.36666666666667,0.0,1157.0,1465.0,0.0,68.3,2622,133,-0.7583333333333258,-68.36666666666667,308.0,-1465.0,1575.4736342592594,39.69223644819298,596623.0,772.4137492302943,45.830555555555556,874.0,2,69.125,0.0,0.02604881769641495,0.05243770658530384,45.830555555555556,0.0,-69.125,874.0,0.0,-1157.0,1,0,0,0.35590975690975696,1575.4736342592594,596623.0,19.070246681617068,0.6666666666666666,34.30972222222223,-0.7583333333333258,0,0.35590975690975696,0.6440902430902432,Not At Risk,Medium
394292571,CRS583398,10,0.4,0.0,78.91999999999999,0.0,0.0,1034.0,0.0,78.5,1345,98,78.91999999999999,-78.91999999999999,1034.0,-1034.0,2076.122133333333,45.56448324444526,356385.3333333333,596.980178342073,26.30666666666666,344.6666666666667,1,78.91999999999999,0.0,0.058364312267657995,0.07632495164410057,26.30666666666666,0.0,0.0,344.6666666666667,0.0,0.0,0,0,0,0.35450727050727054,2076.122133333333,356385.3333333333,13.101875316776486,0.3333333333333333,26.30666666666666,0.0,0,0.35450727050727054,0.6454927294927295,Not At Risk,Medium
394292571,CRS831057,10,0.2,0.0,68.92,0.0,0.0,522.0,0.0,69.3,831,112,68.92,-68.92,522.0,-522.0,1583.3221333333336,39.79098055254901,90828.0,301.37684051698466,22.973333333333333,174.0,1,68.92,0.0,0.08339350180505414,0.13203065134099617,22.973333333333333,0.0,0.0,174.0,0.0,0.0,0,1,0,0.31224175824175826,1583.3221333333336,90828.0,7.573998839233894,0.3333333333333333,22.973333333333333,0.0,0,0.31224175824175826,0.6877582417582417,Not At Risk,Medium
435708217,CRS261592,9,0.0,0.0,86.53999999999999,85.88333333333333,0.0,1438.0,37.0,88.4,2333,77,86.53999999999999,-0.6566666666666663,1438.0,-1401.0,2477.5916259259257,49.77541186093718,672002.3333333333,819.7574844631388,57.47444444444444,491.6666666666667,2,86.53999999999999,0.0,0.03789112730390056,0.11689717514124291,57.47444444444444,85.88333333333333,85.88333333333333,491.6666666666667,37.0,37.0,0,0,1,0.0018181818181818182,2477.5916259259257,672002.3333333333,8.554526649525394,0.6666666666666666,71.78833333333333,-0.6566666666666663,0,0.0018181818181818182,0.9981818181818182,Not At Risk,Very High
435708217,CRS430230,9,0.0,93.84,94.12222222222222,93.36363636363636,1055.0,839.0,564.0,93.7,2458,133,0.2822222222222166,-0.7585858585858603,-216.0,-275.0,0.14700403360201444,0.38341105044327356,60560.33333333333,246.09009190402878,93.7752861952862,819.3333333333334,3,94.12222222222222,93.36363636363636,0.03812042310821807,0.1144531564629205,93.7752861952862,93.36363636363636,-0.47636363636364365,819.3333333333334,564.0,-491.0,0,0,0,0.23412148962148963,0.14700403360201444,60560.33333333333,8.73719896335031,1.0,93.69589225589225,-0.2381818181818218,0,0.23412148962148963,0.7658785103785104,Not At Risk,High
435708217,CRS583398,9,0.1111111111111111,0.0,65.99999999999999,66.53333333333333,0.0,896.0,355.0,67.0,2048,98,65.99999999999999,0.5333333333333456,896.0,-541.0,1463.8281481481476,38.26000716346179,203587.0,451.2061613054503,44.17777777777777,417.0,2,66.53333333333333,0.0,0.03271484375,0.10594191313615772,44.17777777777777,66.53333333333333,66.53333333333333,417.0,355.0,355.0,0,0,0,0.37624242424242416,1463.8281481481476,203587.0,9.43913480885312,0.6666666666666666,55.26666666666666,0.5333333333333456,0,0.37624242424242416,0.6237575757575758,Not At Risk,Medium
435708217,CRS831057,9,0.0,0.0,89.225,90.17999999999999,0.0,1218.0,214.0,90.3,1700,112,89.225,0.9549999999999983,1218.0,-1004.0,2682.407508333333,51.79196374277899,422889.3333333334,650.2994182169729,59.801666666666655,477.3333333333333,2,90.17999999999999,0.0,0.053117647058823526,0.12528282122905027,59.801666666666655,90.17999999999999,90.17999999999999,477.3333333333333,214.0,214.0,0,0,1,0.01974358974358974,2682.407508333333,422889.3333333334,7.981940302667151,0.6666666666666666,74.83166666666666,0.9549999999999983,0,0.01974358974358974,0.9802564102564104,Not At Risk,Very High
436217355,CRS261592,12,0.2,0.0,74.64,0.0,0.0,1397.0,0.0,73.0,1936,77,74.64,-74.64,1397.0,-1397.0,1857.0432000000003,43.09342409231367,650536.3333333333,806.5583260579072,24.88,465.6666666666667,1,74.64,0.0,0.03770661157024793,0.05342877594846098,24.88,0.0,0.0,465.6666666666667,0.0,0.0,0,0,0,0.2481842046842047,1857.0432000000003,650536.3333333333,18.716505894962488,0.3333333333333333,24.88,0.0,0,0.2481842046842047,0.7518157953157951,Not At Risk,High
436217355,CRS430230,12,0.3333333333333333,69.72,71.05555555555556,0.0,1073.0,1199.0,0.0,71.0,2272,133,1.3355555555555583,-71.05555555555556,126.0,-1199.0,1651.9256806584362,40.64388860158974,434134.3333333334,658.8887108862417,46.92518518518519,757.3333333333334,2,71.05555555555556,0.0,0.03125,0.061961071987480444,46.92518518518519,0.0,-69.72,757.3333333333334,0.0,-1073.0,1,0,0,0.36167549117549114,1651.9256806584362,434134.3333333334,16.139165574831488,0.6666666666666666,35.30518518518519,1.3355555555555583,0,0.36167549117549114,0.638324508824509,Not At Risk,Medium
436217355,CRS583398,12,0.14285714285714285,0.0,75.04285714285716,0.0,0.0,950.0,0.0,77.3,1668,98,75.04285714285716,-75.04285714285716,950.0,-950.0,1877.143469387756,43.32601377218722,300833.3333333333,548.4827557301445,25.01428571428572,316.6666666666667,1,75.04285714285716,0.0,0.04634292565947242,0.07899248120300753,25.01428571428572,0.0,0.0,316.6666666666667,0.0,0.0,0,0,0,0.1838636918636919,1877.143469387756,300833.3333333333,12.659432705120881,0.3333333333333333,25.01428571428572,0.0,0,0.1838636918636919,0.8161363081363081,Not At Risk,High
436217355,CRS831057,12,0.3333333333333333,0.0,69.64999999999999,0.0,0.0,766.0,0.0,68.5,993,112,69.64999999999999,-69.64999999999999,766.0,-766.0,1617.0408333333328,40.21244624905743,195585.3333333333,442.2503061992533,23.216666666666665,255.33333333333334,1,69.64999999999999,0.0,0.0689828801611279,0.09092689295039164,23.216666666666665,0.0,0.0,255.33333333333334,0.0,0.0,0,0,0,0.4058636918636919,1617.0408333333328,195585.3333333333,10.997846374730798,0.3333333333333333,23.216666666666665,0.0,0,0.4058636918636919,0.5941363081363081,Not At Risk,Low
468713922,CRS430230,11,0.125,69.4,68.9625,0.0,1112.0,748.0,0.0,69.0,1860,133,-0.4375,-68.9625,-364.0,-748.0,1595.3963020833335,39.94241232178314,321424.0,566.9426778784607,46.12083333333334,620.0,2,69.4,0.0,0.037096774193548385,0.07438844086021507,46.12083333333334,0.0,-69.4,620.0,0.0,-1112.0,1,0,0,0.3059518814518815,1595.3963020833335,321424.0,13.44294877586051,0.6666666666666666,34.55416666666667,-0.4375,0,0.3059518814518815,0.6940481185481187,Not At Risk,Medium
468713922,CRS583398,11,0.42857142857142855,0.0,76.5,0.0,0.0,1069.0,0.0,78.4,1191,98,76.5,-76.5,1069.0,-1069.0,1950.75,44.16729559300637,380920.3333333334,617.18743776371,25.5,356.3333333333333,1,76.5,0.0,0.0658270361041142,0.0715622076707203,25.5,0.0,0.0,356.3333333333333,0.0,0.0,0,0,0,0.36602242202242197,1950.75,380920.3333333334,13.973856209150327,0.3333333333333333,25.5,0.0,0,0.36602242202242197,0.633977577977578,Not At Risk,Medium
468713922,CRS831057,11,0.0,0.0,74.73333333333333,0.0,0.0,1129.0,0.0,73.4,1430,112,74.73333333333333,-74.73333333333333,1129.0,-1129.0,1861.6903703703704,43.14731011743803,424880.3333333334,651.8284539150875,24.91111111111111,376.3333333333333,1,74.73333333333333,0.0,0.05132867132867133,0.06619427221730145,24.91111111111111,0.0,0.0,376.3333333333333,0.0,0.0,0,0,0,0.2200541680541681,1861.6903703703704,424880.3333333334,15.107047279214985,0.3333333333333333,24.91111111111111,0.0,0,0.2200541680541681,0.7799458319458319,Not At Risk,High
480270549,CRS261592,9,0.2,0.0,80.325,82.82000000000001,0.0,926.0,63.0,81.5,1738,77,80.325,2.4950000000000045,926.0,-863.0,2219.5805083333335,47.11242413985225,267702.3333333333,517.3995876818354,54.38166666666667,329.6666666666667,2,82.82000000000001,0.0,0.04689298043728424,0.16495955510616783,54.38166666666667,82.82000000000001,82.82000000000001,329.6666666666667,63.0,63.0,0,0,1,0.04532800532800532,2219.5805083333335,267702.3333333333,6.062092004045481,0.6666666666666666,68.185,2.4950000000000045,0,0.04532800532800532,0.9546719946719946,Not At Risk,Very High
480270549,CRS430230,9,0.1,80.16,80.42,0.0,1018.0,1455.0,0.0,80.5,2473,133,0.2600000000000051,-80.42,437.0,-1455.0,2148.8449333333333,46.35563539995254,557386.3333333333,746.583105443281,53.526666666666664,824.3333333333334,2,80.42,0.0,0.032551556813586735,0.06493327941771128,53.526666666666664,0.0,-80.16,824.3333333333334,0.0,-1018.0,1,0,0,0.2043578643578644,2148.8449333333333,557386.3333333333,15.400423464939596,0.6666666666666666,40.166666666666664,0.2600000000000051,0,0.2043578643578644,0.7956421356421356,Not At Risk,High
480270549,CRS583398,9,0.125,0.0,60.75,60.0375,0.0,730.0,258.0,60.2,1737,98,60.75,-0.7124999999999986,730.0,-472.0,1215.92859375,34.87016767596623,137041.33333333334,370.1909417224216,40.262499999999996,329.3333333333333,2,60.75,0.0,0.03465745538284398,0.12225455465587044,40.262499999999996,60.0375,60.0375,329.3333333333333,258.0,258.0,0,0,0,0.7119509379509378,1215.92859375,137041.33333333334,8.179654351650626,0.6666666666666666,50.268750000000004,-0.7124999999999986,1,0.7119509379509378,0.28804906204906205,At Risk,Medium
480270549,CRS831057,9,0.0,0.0,76.46666666666665,0.0,0.0,604.0,0.0,77.3,1385,112,76.46666666666665,-76.46666666666665,604.0,-604.0,1949.05037037037,44.14805058403338,121605.33333333333,348.71956259053394,25.488888888888884,201.33333333333334,1,76.46666666666665,0.0,0.055812274368231045,0.12660044150110372,25.488888888888884,0.0,0.0,201.33333333333334,0.0,0.0,0,1,0,0.1943369963369964,1949.05037037037,121605.33333333333,7.89886660854403,0.3333333333333333,25.488888888888884,0.0,0,0.1943369963369964,0.8056630036630037,Not At Risk,High
510851138,CRS261592,11,0.4,0.0,77.5,0.0,0.0,1284.0,0.0,78.4,2125,77,77.5,-77.5,1284.0,-1284.0,2002.0833333333335,44.744645862196,549552.0,741.3177456394794,25.833333333333332,428.0,1,77.5,0.0,0.03689411764705883,0.060358255451713395,25.833333333333332,0.0,0.0,428.0,0.0,0.0,0,0,0,0.3236762681762682,2002.0833333333335,549552.0,16.567741935483873,0.3333333333333333,25.833333333333332,0.0,0,0.3236762681762682,0.6763237318237317,Not At Risk,Medium
510851138,CRS430230,11,0.1,75.38,79.66999999999999,0.0,1007.0,1252.0,0.0,79.3,2259,133,4.289999999999992,-79.66999999999999,245.0,-1252.0,2007.9762333333329,44.81044781446993,440263.0,663.5231721650722,51.68333333333333,753.0,2,79.66999999999999,0.0,0.03510402833111996,0.06863656485170429,51.68333333333333,0.0,-75.38,753.0,0.0,-1007.0,1,0,0,0.24499278499278507,2007.9762333333329,440263.0,14.569493711705903,0.6666666666666666,39.12,4.289999999999992,0,0.24499278499278507,0.755007215007215,Not At Risk,High
510851138,CRS583398,11,0.0,0.0,73.67999999999999,75.14285714285714,0.0,680.0,279.0,73.9,1620,98,73.67999999999999,1.4628571428571462,680.0,-401.0,1846.221888435374,42.96768423403074,116840.33333333333,341.8191529644489,49.60761904761904,319.6666666666667,2,75.14285714285714,0.0,0.04561728395061729,0.15518546104573214,49.60761904761904,75.14285714285714,75.14285714285714,319.6666666666667,279.0,279.0,0,0,0,0.01974358974358974,1846.221888435374,116840.33333333333,6.443902626324682,0.6666666666666666,62.131428571428565,1.4628571428571462,0,0.01974358974358974,0.9802564102564104,Not At Risk,Very High
531867913,CRS261592,10,0.0,0.0,87.42,89.75714285714287,0.0,1114.0,235.0,89.6,2093,77,87.42,2.337142857142865,1114.0,-879.0,2617.3438884353745,51.15998327243056,344810.33333333326,587.2055290384562,59.059047619047625,449.6666666666667,2,89.75714285714287,0.0,0.04280936454849498,0.13133961664725194,59.059047619047625,89.75714285714287,89.75714285714287,449.6666666666667,235.0,235.0,0,0,1,0.0,2617.3438884353745,344810.33333333326,7.613848932464684,0.6666666666666666,74.01857142857143,2.337142857142865,0,0.0,1.0,Not At Risk,Very High
531867913,CRS430230,10,0.08333333333333333,86.25999999999999,87.92,87.89166666666667,1173.0,1588.0,449.0,87.9,3210,133,1.6600000000000108,-0.028333333333335986,415.0,-1139.0,0.9031231481481585,0.9503279161153578,332287.0,576.4434057216719,87.35722222222222,1070.0,3,87.92,86.25999999999999,0.02738317757009346,0.08164226375908619,87.35722222222222,87.89166666666667,1.6316666666666748,1070.0,449.0,-724.0,0,0,0,0.22874908424908427,0.9031231481481585,332287.0,12.24855796442449,1.0,87.62916666666668,0.8158333333333373,0,0.22874908424908427,0.7712509157509158,Not At Risk,High
531867913,CRS583398,10,0.0,0.0,97.78,98.6125,0.0,709.0,344.0,94.8,2138,98,97.78,0.832499999999996,709.0,-365.0,3214.3411020833337,56.69515942374034,125707.0,354.55182977951193,65.46416666666666,351.0,2,98.6125,0.0,0.044340505144995324,0.18650759734093064,65.46416666666666,98.6125,98.6125,351.0,344.0,344.0,0,0,1,0.0,3214.3411020833337,125707.0,5.361711877999415,0.6666666666666666,81.89958333333333,0.832499999999996,0,0.0,1.0,Not At Risk,Very High
531867913,CRS831057,10,0.125,0.0,87.04285714285713,86.89999999999999,0.0,1137.0,117.0,89.3,1674,112,87.04285714285713,-0.1428571428571388,1137.0,-1020.0,2521.348231292516,50.213028501500645,391143.0,625.4142627091262,57.980952380952374,418.0,2,87.04285714285713,0.0,0.0533452807646356,0.1387104123946229,57.980952380952374,86.89999999999999,86.89999999999999,418.0,117.0,117.0,0,0,1,0.01974358974358974,2521.348231292516,391143.0,7.209264126149804,0.6666666666666666,72.46428571428571,-0.1428571428571388,0,0.01974358974358974,0.9802564102564104,Not At Risk,Very High
585222042,CRS261592,11,0.0,0.0,64.5,0.0,0.0,624.0,0.0,63.1,753,77,64.5,-64.5,624.0,-624.0,1386.75,37.239092362730865,129792.0,360.26656797432645,21.5,208.0,1,64.5,0.0,0.08379814077025233,0.10336538461538461,21.5,0.0,0.0,208.0,0.0,0.0,0,1,0,0.2927179487179487,1386.75,129792.0,9.674418604651162,0.3333333333333333,21.5,0.0,0,0.2927179487179487,0.7072820512820513,Not At Risk,Medium
585222042,CRS430230,11,0.2,57.73333333333334,58.660000000000004,0.0,683.0,481.0,0.0,58.0,1164,133,0.9266666666666623,-58.660000000000004,-202.0,-481.0,1129.1653481481485,33.60305563707188,123109.0,350.8689213937307,38.79777777777778,388.0,2,58.660000000000004,0.0,0.04982817869415808,0.09999427262313862,38.79777777777778,0.0,-57.73333333333334,388.0,0.0,-683.0,1,0,0,0.5992409812409812,1129.1653481481485,123109.0,10.000572770490864,0.6666666666666666,29.175555555555558,0.9266666666666623,1,0.5992409812409812,0.40075901875901876,At Risk,Low
585222042,CRS583398,11,0.2,0.0,59.56,0.0,0.0,596.0,0.0,60.7,728,98,59.56,-59.56,596.0,-596.0,1182.4645333333333,34.38698203293411,118405.33333333334,344.10076043701696,19.853333333333335,198.66666666666666,1,59.56,0.0,0.08337912087912089,0.09993288590604028,19.853333333333335,0.0,0.0,198.66666666666666,0.0,0.0,0,1,0,0.43051370851370857,1182.4645333333333,118405.33333333334,10.006715916722632,0.3333333333333333,19.853333333333335,0.0,0,0.43051370851370857,0.5694862914862915,Not At Risk,Low
585222042,CRS831057,11,0.0,0.0,62.199999999999996,0.0,0.0,606.0,0.0,60.8,736,112,62.199999999999996,-62.199999999999996,606.0,-606.0,1289.6133333333332,35.91118674359472,122412.0,349.8742631289132,20.73333333333333,202.0,1,62.199999999999996,0.0,0.08260869565217391,0.10264026402640263,20.73333333333333,0.0,0.0,202.0,0.0,0.0,0,1,0,0.34059673659673656,1289.6133333333332,122412.0,9.742765273311898,0.3333333333333333,20.73333333333333,0.0,0,0.34059673659673656,0.6594032634032635,Not At Risk,Medium
640614970,CRS261592,10,0.2,0.0,60.739999999999995,0.0,0.0,849.0,0.0,61.3,982,77,60.739999999999995,-60.739999999999995,849.0,-849.0,1229.782533333333,35.068255350577864,240267.0,490.17037854199225,20.246666666666666,283.0,1,60.739999999999995,0.0,0.062423625254582484,0.07154299175500589,20.246666666666666,0.0,0.0,283.0,0.0,0.0,0,0,0,0.5955238095238096,1229.782533333333,240267.0,13.977609483042476,0.3333333333333333,20.246666666666666,0.0,1,0.5955238095238096,0.4044761904761905,At Risk,Low
640614970,CRS430230,10,0.4,64.0,62.98,0.0,337.0,563.0,0.0,63.2,900,133,-1.0200000000000031,-62.98,226.0,-563.0,1343.9201333333333,36.659516272495104,80269.0,283.31784271379735,42.32666666666666,300.0,2,64.0,0.0,0.07022222222222223,0.14108888888888887,42.32666666666666,0.0,-64.0,300.0,0.0,-337.0,1,0,0,0.6083900543900543,1343.9201333333333,80269.0,7.0877303512364165,0.6666666666666666,31.659999999999997,-1.0200000000000031,1,0.6083900543900543,0.3916099456099456,At Risk,Medium
640614970,CRS583398,10,0.0,0.0,64.06666666666668,0.0,0.0,733.0,0.0,62.0,1298,98,64.06666666666668,-64.06666666666668,733.0,-733.0,1368.1792592592599,36.988907246082036,179096.3333333333,423.1977473159957,21.355555555555558,244.33333333333334,1,64.06666666666668,0.0,0.04776579352850539,0.08740336516598454,21.355555555555558,0.0,0.0,244.33333333333334,0.0,0.0,0,1,0,0.42350582750582755,1368.1792592592599,179096.3333333333,11.441207075962538,0.3333333333333333,21.355555555555558,0.0,0,0.42350582750582755,0.5764941724941725,Not At Risk,Low
640614970,CRS831057,10,0.0,0.0,61.975,0.0,0.0,386.0,0.0,62.3,715,112,61.975,-61.975,386.0,-386.0,1280.3002083333333,35.78128293302706,49665.33333333334,222.85720390719555,20.658333333333335,128.66666666666666,1,61.975,0.0,0.08713286713286712,0.16055699481865288,20.658333333333335,0.0,0.0,128.66666666666666,0.0,0.0,0,1,0,0.3039300699300699,1280.3002083333333,49665.33333333334,6.228317870108914,0.3333333333333333,20.658333333333335,0.0,0,0.3039300699300699,0.6960699300699301,Not At Risk,Medium
646671872,CRS261592,10,0.0,0.0,83.28,82.0,0.0,1391.0,47.0,81.7,2093,77,83.28,-1.2800000000000011,1391.0,-1344.0,2276.8661333333334,47.71651845360612,623904.3333333334,789.8761506295359,55.093333333333334,479.3333333333333,2,83.28,0.0,0.039034878165312946,0.1149374130737135,55.093333333333334,82.0,82.0,479.3333333333333,47.0,47.0,0,0,1,0.0018181818181818182,2276.8661333333334,623904.3333333334,8.700387221684414,0.6666666666666666,68.76,-1.2800000000000011,0,0.0018181818181818182,0.9981818181818182,Not At Risk,Very High
646671872,CRS430230,10,0.18181818181818182,73.14000000000001,75.51,76.28181818181818,1116.0,1053.0,119.0,75.8,2288,133,2.3699999999999903,0.7718181818181762,-63.0,-934.0,2.68060413223138,1.637255060224698,311722.3333333334,558.3209948885439,74.97727272727273,762.6666666666666,3,76.28181818181818,73.14000000000001,0.03312937062937063,0.09830936109345202,74.97727272727273,76.28181818181818,3.1418181818181665,762.6666666666666,119.0,-997.0,0,0,0,0.2134072039072039,2.68060413223138,311722.3333333334,10.171971304435687,1.0,75.50090909090909,1.570909090909083,0,0.2134072039072039,0.7865927960927961,Not At Risk,High
646671872,CRS583398,10,0.0,0.0,79.98333333333333,0.0,0.0,742.0,0.0,80.9,1614,98,79.98333333333333,-79.98333333333333,742.0,-742.0,2132.444537037037,46.17839903068357,183521.3333333333,428.3938997387023,26.66111111111111,247.33333333333334,1,79.98333333333333,0.0,0.050123915737298644,0.10779424977538185,26.66111111111111,0.0,0.0,247.33333333333334,0.0,0.0,0,1,0,0.2030671550671551,2132.444537037037,183521.3333333333,9.276932694311315,0.3333333333333333,26.66111111111111,0.0,0,0.2030671550671551,0.7969328449328448,Not At Risk,High
646671872,CRS831057,10,0.1111111111111111,0.0,83.2375,81.75555555555555,0.0,1003.0,83.0,82.1,1384,112,83.2375,-1.4819444444444514,1003.0,-920.0,2269.108071630658,47.63515583716146,309883.0,556.6713572656671,54.99768518518518,362.0,2,83.2375,0.0,0.05932080924855491,0.15192730714139555,54.99768518518518,81.75555555555555,81.75555555555555,362.0,83.0,83.0,0,0,1,0.041561771561771564,2269.108071630658,309883.0,6.58209520602719,0.6666666666666666,68.62361111111112,-1.4819444444444514,0,0.041561771561771564,0.9584382284382285,Not At Risk,Very High
657051563,CRS430230,12,0.09090909090909091,79.41999999999999,80.6,80.79999999999998,1238.0,1308.0,79.0,80.2,2625,133,1.1800000000000068,0.19999999999998863,70.0,-1229.0,0.5561333333333331,0.7457434768962671,476437.0,690.2441597000296,80.27333333333333,875.0,3,80.79999999999998,79.41999999999999,0.030552380952380952,0.09174095238095237,80.27333333333333,80.79999999999998,1.3799999999999955,875.0,79.0,-1159.0,0,0,0,0.22763797313797313,0.5561333333333331,476437.0,10.90025745369986,1.0,80.50333333333332,0.6899999999999977,0,0.22763797313797313,0.7723620268620269,Not At Risk,High
657051563,CRS583398,12,0.0,0.0,100.0,0.0,0.0,845.0,0.0,100.0,1834,98,100.0,-100.0,845.0,-845.0,3333.333333333333,57.735026918962575,238008.3333333333,487.86097746523376,33.333333333333336,281.6666666666667,1,100.0,0.0,0.05452562704471101,0.11834319526627218,33.333333333333336,0.0,0.0,281.6666666666667,0.0,0.0,0,0,1,0.22523565323565328,3333.333333333333,238008.3333333333,8.45,0.3333333333333333,33.333333333333336,0.0,0,0.22523565323565328,0.7747643467643468,Not At Risk,High
657051563,CRS831057,12,0.0,0.0,85.20000000000002,0.0,0.0,1205.0,0.0,82.8,1481,112,85.20000000000002,-85.20000000000002,1205.0,-1205.0,2419.6800000000007,49.190242934956125,484008.3333333333,695.707074373499,28.400000000000006,401.6666666666667,1,85.20000000000002,0.0,0.055908170155300474,0.07070539419087138,28.400000000000006,0.0,0.0,401.6666666666667,0.0,0.0,0,0,1,0.2200541680541681,2419.6800000000007,484008.3333333333,14.143192488262908,0.3333333333333333,28.400000000000006,0.0,0,0.2200541680541681,0.7799458319458319,Not At Risk,High
688424306,CRS430230,9,0.0,81.9,81.76666666666668,0.0,1024.0,1166.0,0.0,81.3,2190,133,-0.13333333333332575,-81.76666666666668,142.0,-1166.0,2232.2359259259265,47.24654406330612,404716.0,636.1729324641217,54.555555555555564,730.0,2,81.9,0.0,0.03712328767123287,0.07473363774733639,54.555555555555564,0.0,-81.9,730.0,0.0,-1024.0,1,0,1,0.17064357864357863,2232.2359259259265,404716.0,13.380855397148673,0.6666666666666666,40.90555555555556,-0.13333333333332575,0,0.17064357864357863,0.8293564213564213,Not At Risk,High
688424306,CRS583398,9,0.0,0.0,75.8,76.74444444444444,0.0,950.0,210.0,78.9,1840,98,75.8,0.9444444444444429,950.0,-740.0,1939.3736213991765,44.038319920260086,249033.3333333333,499.0323970779185,50.84814814814814,386.6666666666667,2,76.74444444444444,0.0,0.0428804347826087,0.1315038314176245,50.84814814814814,76.74444444444444,76.74444444444444,386.6666666666667,210.0,210.0,0,0,0,0.01974358974358974,1939.3736213991765,249033.3333333333,7.604341175613666,0.6666666666666666,63.638888888888886,0.9444444444444429,0,0.01974358974358974,0.9802564102564104,Not At Risk,Very High
688424306,CRS831057,9,0.1111111111111111,0.0,81.25,80.03333333333333,0.0,1344.0,134.0,79.5,1817,112,81.25,-1.2166666666666686,1344.0,-1210.0,2168.0628703703705,46.56246203080729,548065.3333333333,740.3143476478983,53.76111111111111,492.6666666666667,2,81.25,0.0,0.043753439735828285,0.10912268831754623,53.76111111111111,80.03333333333333,80.03333333333333,492.6666666666667,134.0,134.0,0,0,1,0.02156177156177156,2168.0628703703705,548065.3333333333,9.163997106541283,0.6666666666666666,67.10000000000001,-1.2166666666666686,0,0.02156177156177156,0.9784382284382285,Not At Risk,Very High
699356577,CRS261592,10,0.2,0.0,57.44,0.0,0.0,943.0,0.0,59.1,1461,77,57.44,-57.44,943.0,-943.0,1099.7845333333335,33.1629994622521,296416.3333333334,544.4413038458172,19.146666666666665,314.3333333333333,1,57.44,0.0,0.0404517453798768,0.060911983032873804,19.146666666666665,0.0,0.0,314.3333333333333,0.0,0.0,0,0,0,0.7108708513708514,1099.7845333333335,296416.3333333334,16.417130919220057,0.3333333333333333,19.146666666666665,0.0,1,0.7108708513708514,0.2891291486291487,At Risk,Medium
699356577,CRS430230,10,0.42857142857142855,54.925,57.1,0.0,619.0,1152.0,0.0,57.0,1771,133,2.1750000000000043,-57.1,533.0,-1152.0,1046.9827083333334,32.357112175429585,332392.3333333333,576.5347633346435,37.34166666666667,590.3333333333334,2,57.1,0.0,0.032185206098249576,0.06325522303783174,37.34166666666667,0.0,-54.925,590.3333333333334,0.0,-619.0,1,0,0,0.7327777777777778,1046.9827083333334,332392.3333333333,15.808971211783085,0.6666666666666666,28.1875,2.1750000000000043,1,0.7327777777777778,0.2672222222222222,At Risk,Medium
699356577,CRS583398,10,0.0,0.0,56.833333333333336,0.0,0.0,394.0,0.0,57.0,770,98,56.833333333333336,-56.833333333333336,394.0,-394.0,1076.6759259259259,32.81274029894373,51745.333333333314,227.4760060607125,18.944444444444446,131.33333333333334,1,56.833333333333336,0.0,0.07402597402597402,0.14424703891708968,18.944444444444446,0.0,0.0,131.33333333333334,0.0,0.0,0,1,0,0.40957142857142864,1076.6759259259259,51745.333333333314,6.932551319648094,0.3333333333333333,18.944444444444446,0.0,0,0.40957142857142864,0.5904285714285714,Not At Risk,Low
699356577,CRS831057,10,0.3333333333333333,0.0,55.76666666666667,0.0,0.0,631.0,0.0,56.2,682,112,55.76666666666667,-55.76666666666667,631.0,-631.0,1036.6403703703704,32.19690001180813,132720.3333333333,364.30801985865384,18.588888888888892,210.33333333333334,1,55.76666666666667,0.0,0.08240469208211144,0.08837823560486002,18.588888888888892,0.0,0.0,210.33333333333334,0.0,0.0,0,1,0,0.6242722832722832,1036.6403703703704,132720.3333333333,11.315002988643155,0.3333333333333333,18.588888888888892,0.0,1,0.6242722832722832,0.3757277167277167,At Risk,Medium
744847730,CRS261592,11,0.16666666666666666,0.0,75.96666666666668,0.0,0.0,1191.0,0.0,76.0,1964,77,75.96666666666668,-75.96666666666668,1191.0,-1191.0,1923.6448148148158,43.85937544943858,472827.0,687.6241706048443,25.322222222222226,397.0,1,75.96666666666668,0.0,0.038696537678207736,0.06378393506856984,25.322222222222226,0.0,0.0,397.0,0.0,0.0,0,0,0,0.20031057831057833,1923.6448148148158,472827.0,15.67792891619131,0.3333333333333333,25.322222222222226,0.0,0,0.20031057831057833,0.7996894216894216,Not At Risk,High
744847730,CRS430230,11,0.0,76.6,78.89,0.0,974.0,1462.0,0.0,78.8,2436,133,2.2900000000000063,-78.89,488.0,-1462.0,2016.0726999999997,44.90069821283406,554044.0,744.3413195570968,51.830000000000005,812.0,2,78.89,0.0,0.03234811165845648,0.06383004926108375,51.830000000000005,0.0,-76.6,812.0,0.0,-974.0,1,0,0,0.24213564213564218,2016.0726999999997,554044.0,15.66660235384912,0.6666666666666666,39.06333333333333,2.2900000000000063,0,0.24213564213564218,0.7578643578643579,Not At Risk,High
744847730,CRS583398,11,0.125,0.0,90.28571428571429,91.1875,0.0,887.0,128.0,93.0,1745,98,90.28571428571429,0.9017857142857082,887.0,-759.0,2744.5805963010207,52.38874493916628,229872.33333333337,479.4500321548987,60.49107142857142,338.3333333333333,2,91.1875,0.0,0.05329512893982808,0.17879134412385644,60.49107142857142,91.1875,91.1875,338.3333333333333,128.0,128.0,0,0,1,0.01974358974358974,2744.5805963010207,229872.33333333337,5.593111931119311,0.6666666666666666,75.68898809523809,0.9017857142857082,0,0.01974358974358974,0.9802564102564104,Not At Risk,Very High
744847730,CRS831057,11,0.125,0.0,78.19999999999997,77.58749999999998,0.0,1076.0,135.0,79.5,1603,112,78.19999999999997,-0.6124999999999972,1076.0,-941.0,2022.572552083332,44.97302026863809,343580.33333333326,586.1572598998781,51.92916666666665,403.6666666666667,2,78.19999999999997,0.0,0.04959451029320025,0.12864368290668865,51.92916666666665,77.58749999999998,77.58749999999998,403.6666666666667,135.0,135.0,0,0,0,0.02156177156177156,2022.572552083332,343580.33333333326,7.773409291502851,0.6666666666666666,64.86041666666665,-0.6124999999999972,0,0.02156177156177156,0.9784382284382285,Not At Risk,Very High
798363750,CRS261592,11,0.0,0.0,83.02,80.68333333333332,0.0,1657.0,47.0,80.5,2514,77,83.02,-2.336666666666673,1657.0,-1610.0,2234.5967814814812,47.27152188666535,889993.0,943.3944032057854,54.56777777777777,568.0,2,83.02,0.0,0.03202068416865553,0.09607003129890453,54.56777777777777,80.68333333333332,80.68333333333332,568.0,47.0,47.0,0,0,1,0.011818181818181818,2234.5967814814812,889993.0,10.409073323695305,0.6666666666666666,68.01499999999999,-2.336666666666673,0,0.011818181818181818,0.9881818181818182,Not At Risk,Very High
798363750,CRS430230,11,0.1111111111111111,81.1,82.59999999999998,0.0,448.0,1397.0,0.0,82.5,1845,133,1.4999999999999858,-82.59999999999998,949.0,-1397.0,2233.703333333333,47.26207076857015,508819.0,713.3154982194064,54.56666666666666,615.0,2,82.59999999999998,0.0,0.044715447154471545,0.08872628726287263,54.56666666666666,0.0,-81.1,615.0,0.0,-448.0,1,0,1,0.20101343101343105,2233.703333333333,508819.0,11.270616982284668,0.6666666666666666,41.04999999999999,1.4999999999999858,0,0.20101343101343105,0.798986568986569,Not At Risk,High
798363750,CRS583398,11,0.16666666666666666,0.0,69.47999999999999,71.31666666666666,0.0,633.0,138.0,73.1,1528,98,69.47999999999999,1.836666666666673,633.0,-495.0,1652.8184481481478,40.65486991921322,110793.0,332.8558246448453,46.932222222222215,257.0,2,71.31666666666666,0.0,0.04784031413612565,0.18261565067012536,46.932222222222215,71.31666666666666,71.31666666666666,257.0,138.0,138.0,0,0,0,0.034410256410256405,1652.8184481481478,110793.0,5.47598191245058,0.6666666666666666,58.81833333333333,1.836666666666673,0,0.034410256410256405,0.9655897435897437,Not At Risk,Very High
798363750,CRS831057,11,0.0,0.0,78.61428571428571,0.0,0.0,970.0,0.0,82.5,1303,112,78.61428571428571,-78.61428571428571,970.0,-970.0,2060.068639455782,45.387979019293006,313633.3333333334,560.0297611139371,26.204761904761906,323.3333333333333,1,78.61428571428571,0.0,0.06331542594013814,0.08104565537555229,26.204761904761906,0.0,0.0,323.3333333333333,0.0,0.0,0,0,0,0.20386369186369188,2060.068639455782,313633.3333333334,12.338724332182444,0.3333333333333333,26.204761904761906,0.0,0,0.20386369186369188,0.7961363081363082,Not At Risk,High
819504483,CRS261592,9,0.6,0.0,63.0,0.0,0.0,808.0,0.0,62.9,1485,77,63.0,-63.0,808.0,-808.0,1323.0,36.373066958946424,217621.33333333337,466.49901750521764,21.0,269.3333333333333,1,63.0,0.0,0.04235690235690236,0.07797029702970297,21.0,0.0,0.0,269.3333333333333,0.0,0.0,0,0,0,0.6548214008214007,1323.0,217621.33333333337,12.825396825396824,0.3333333333333333,21.0,0.0,1,0.6548214008214007,0.34517859917859917,At Risk,Medium
819504483,CRS430230,9,0.3,71.5,71.08,0.0,1091.0,1532.0,0.0,71.4,2623,133,-0.4200000000000017,-71.08,441.0,-1532.0,1694.1321333333333,41.15983641042968,621964.3333333334,788.6471538865359,47.526666666666664,874.3333333333334,2,71.5,0.0,0.027220739611132295,0.054357605794891344,47.526666666666664,0.0,-71.5,874.3333333333334,0.0,-1091.0,1,0,0,0.29001171051171054,1694.1321333333333,621964.3333333334,18.396689577780897,0.6666666666666666,35.61,-0.4200000000000017,0,0.29001171051171054,0.7099882894882894,Not At Risk,Medium
819504483,CRS583398,9,0.0,0.0,65.8,0.0,0.0,466.0,0.0,66.5,1257,98,65.8,-65.8,466.0,-466.0,1443.2133333333331,37.989647712677375,72385.33333333333,269.0452254423656,21.933333333333334,155.33333333333334,1,65.8,0.0,0.05290373906125696,0.14120171673819742,21.933333333333334,0.0,0.0,155.33333333333334,0.0,0.0,0,1,0,0.2877179487179487,1443.2133333333331,72385.33333333333,7.082066869300912,0.3333333333333333,21.933333333333334,0.0,0,0.2877179487179487,0.7122820512820514,Not At Risk,Medium
819504483,CRS831057,9,0.0,0.0,68.82000000000001,0.0,0.0,496.0,0.0,67.3,786,112,68.82000000000001,-68.82000000000001,496.0,-496.0,1578.7308000000003,39.733245525630046,82005.33333333333,286.36573351805436,22.94,165.33333333333334,1,68.82000000000001,0.0,0.0856234096692112,0.13875,22.94,0.0,0.0,165.33333333333334,0.0,0.0,0,1,0,0.2580512820512821,1578.7308000000003,82005.33333333333,7.207207207207207,0.3333333333333333,22.94,0.0,0,0.2580512820512821,0.7419487179487179,Not At Risk,Medium
851780651,CRS261592,10,0.0,0.0,58.666666666666664,0.0,0.0,634.0,0.0,60.4,1397,77,58.666666666666664,-58.666666666666664,634.0,-634.0,1147.2592592592594,33.871215792458045,133985.3333333333,366.04007066622273,19.555555555555554,211.33333333333334,1,58.666666666666664,0.0,0.04323550465282749,0.09253417455310198,19.555555555555554,0.0,0.0,211.33333333333334,0.0,0.0,0,1,0,0.3982279942279942,1147.2592592592594,133985.3333333333,10.806818181818183,0.3333333333333333,19.555555555555554,0.0,0,0.3982279942279942,0.6017720057720058,Not At Risk,Medium
851780651,CRS430230,10,0.5,61.879999999999995,59.78333333333333,0.0,1150.0,349.0,0.0,60.4,1499,133,-2.096666666666664,-59.78333333333333,-801.0,-349.0,1234.5962259259259,35.13682151142766,347650.33333333326,589.6188034088917,40.55444444444444,499.6666666666667,2,61.879999999999995,0.0,0.04029352901934623,0.08116299755392484,40.55444444444444,0.0,-61.879999999999995,499.6666666666667,0.0,-1150.0,1,0,0,0.6530346320346321,1234.5962259259259,347650.33333333326,12.320885503712432,0.6666666666666666,30.24111111111111,-2.096666666666664,1,0.6530346320346321,0.346965367965368,At Risk,Medium
851780651,CRS583398,10,0.2,0.0,58.9,0.0,0.0,710.0,0.0,56.9,1367,98,58.9,-58.9,710.0,-710.0,1156.4033333333334,34.00593085526896,168033.33333333334,409.9186911246343,19.633333333333333,236.66666666666666,1,58.9,0.0,0.041623994147768836,0.08295774647887325,19.633333333333333,0.0,0.0,236.66666666666666,0.0,0.0,0,1,0,0.492037518037518,1156.4033333333334,168033.33333333334,12.054329371816639,0.3333333333333333,19.633333333333333,0.0,0,0.492037518037518,0.507962481962482,Not At Risk,Low
851780651,CRS831057,10,0.0,0.0,59.65,0.0,0.0,93.0,0.0,64.9,208,112,59.65,-59.65,93.0,-93.0,1186.0408333333332,34.438943557161174,2883.0,53.693575034635195,19.883333333333333,31.0,1,59.65,0.0,0.31201923076923077,0.6413978494623656,19.883333333333333,0.0,0.0,31.0,0.0,0.0,0,1,0,0.42193939393939395,1186.0408333333332,2883.0,1.559094719195306,0.3333333333333333,19.883333333333333,0.0,0,0.42193939393939395,0.578060606060606,Not At Risk,Low
883973174,CRS261592,9,0.0,0.0,73.24,0.0,0.0,1262.0,0.0,71.8,1703,77,73.24,-73.24,1262.0,-1262.0,1788.032533333333,42.28513371544819,530881.3333333333,728.6160397173077,24.41333333333333,420.6666666666667,1,73.24,0.0,0.04216089254257193,0.05803486529318541,24.41333333333333,0.0,0.0,420.6666666666667,0.0,0.0,0,0,0,0.1944970584970585,1788.032533333333,530881.3333333333,17.231021299836158,0.3333333333333333,24.41333333333333,0.0,0,0.1944970584970585,0.8055029415029415,Not At Risk,High
883973174,CRS430230,9,0.0,74.5,72.825,0.0,288.0,682.0,0.0,72.6,970,133,-1.6749999999999972,-72.825,394.0,-682.0,1809.4227083333333,42.53730960384464,117217.33333333334,342.3701700401677,49.10833333333333,323.3333333333333,2,74.5,0.0,0.07484536082474226,0.15188144329896905,49.10833333333333,0.0,-74.5,323.3333333333333,0.0,-288.0,1,0,0,0.2463871683871684,1809.4227083333333,117217.33333333334,6.584082810113695,0.6666666666666666,36.69166666666667,-1.6749999999999972,0,0.2463871683871684,0.7536128316128317,Not At Risk,High
883973174,CRS583398,9,0.16666666666666666,0.0,70.39999999999999,0.0,0.0,884.0,0.0,69.4,1324,98,70.39999999999999,-70.39999999999999,884.0,-884.0,1652.0533333333328,40.645458950949646,260485.33333333328,510.3776379636291,23.466666666666665,294.6666666666667,1,70.39999999999999,0.0,0.05241691842900303,0.07963800904977375,23.466666666666665,0.0,0.0,294.6666666666667,0.0,0.0,0,0,0,0.2472980352980353,1652.0533333333328,260485.33333333328,12.556818181818183,0.3333333333333333,23.466666666666665,0.0,0,0.2472980352980353,0.7527019647019647,Not At Risk,High
883973174,CRS831057,9,0.2,0.0,71.6,0.0,0.0,1034.0,0.0,70.6,1426,112,71.6,-71.6,1034.0,-1034.0,1708.853333333333,41.3382792739772,356385.3333333333,596.980178342073,23.866666666666664,344.6666666666667,1,71.6,0.0,0.04950911640953716,0.06924564796905221,23.866666666666664,0.0,0.0,344.6666666666667,0.0,0.0,0,0,0,0.32745676545676544,1708.853333333333,356385.3333333333,14.441340782122907,0.3333333333333333,23.866666666666664,0.0,0,0.32745676545676544,0.6725432345432345,Not At Risk,Medium
887978411,CRS261592,10,0.0,0.0,82.83333333333333,83.07142857142857,0.0,1531.0,41.0,83.8,1884,77,82.83333333333333,0.2380952380952408,1531.0,-1490.0,2293.713340891912,47.89272743216774,760957.0,872.3284931721536,55.3015873015873,524.0,2,83.07142857142857,0.0,0.044479830148619955,0.10553738034654064,55.3015873015873,83.07142857142857,83.07142857142857,524.0,41.0,41.0,0,0,1,0.01974358974358974,2293.713340891912,760957.0,9.475315729047074,0.6666666666666666,69.1468253968254,0.2380952380952408,0,0.01974358974358974,0.9802564102564104,Not At Risk,Very High
887978411,CRS430230,10,0.3333333333333333,79.78,77.54444444444444,0.0,968.0,781.0,0.0,77.7,1749,133,-2.235555555555564,-77.54444444444444,-187.0,-781.0,2063.8311621399175,45.42940856031385,263659.0,513.4773607472874,52.44148148148148,583.0,2,79.78,0.0,0.0444253859348199,0.08995108315863033,52.44148148148148,0.0,-79.78,583.0,0.0,-968.0,1,0,0,0.31855888555888556,2063.8311621399175,263659.0,11.117153511497825,0.6666666666666666,39.144814814814815,-2.235555555555564,0,0.31855888555888556,0.6814411144411143,Not At Risk,Medium
887978411,CRS583398,10,0.0,0.0,84.28333333333335,84.75714285714287,0.0,730.0,153.0,86.7,1521,98,84.28333333333335,0.47380952380952124,730.0,-577.0,2381.2796730914592,48.798357278616045,148206.33333333334,384.9757568124691,56.34682539682541,294.3333333333333,2,84.75714285714287,0.0,0.057001972386587774,0.19143881788275904,56.34682539682541,84.75714285714287,84.75714285714287,294.3333333333333,153.0,153.0,0,0,1,0.01974358974358974,2381.2796730914592,148206.33333333334,5.223600997225233,0.6666666666666666,70.47301587301588,0.47380952380952124,0,0.01974358974358974,0.9802564102564104,Not At Risk,Very High
925707456,CRS430230,9,0.5555555555555556,64.64,65.9,0.0,1004.0,1172.0,0.0,65.9,2176,133,1.2600000000000051,-65.9,168.0,-1172.0,1420.4545333333335,37.68891791141441,401637.3333333333,633.7486357644751,43.51333333333334,725.3333333333334,2,65.9,0.0,0.03028492647058824,0.05999080882352942,43.51333333333334,0.0,-64.64,725.3333333333334,0.0,-1004.0,1,0,0,0.5718322788322788,1420.4545333333335,401637.3333333333,16.669220162402326,0.6666666666666666,32.74,1.2600000000000051,1,0.5718322788322788,0.4281677211677212,At Risk,Low
925707456,CRS583398,9,0.0,0.0,72.13333333333334,0.0,0.0,759.0,0.0,70.6,1494,98,72.13333333333334,-72.13333333333334,759.0,-759.0,1734.4059259259259,41.646199417545006,192027.0,438.20885431492593,24.044444444444448,253.0,1,72.13333333333334,0.0,0.04725568942436412,0.09503732981993852,24.044444444444448,0.0,0.0,253.0,0.0,0.0,0,1,0,0.2430671550671551,1734.4059259259259,192027.0,10.522181146025877,0.3333333333333333,24.044444444444448,0.0,0,0.2430671550671551,0.756932844932845,Not At Risk,High
925707456,CRS831057,9,0.16666666666666666,0.0,65.66666666666667,0.0,0.0,1043.0,0.0,66.9,1359,112,65.66666666666667,-65.66666666666667,1043.0,-1043.0,1437.3703703703707,37.91266767678543,362616.3333333333,602.1763307647797,21.88888888888889,347.6666666666667,1,65.66666666666667,0.0,0.049227373068432674,0.06295941195270054,21.88888888888889,0.0,0.0,347.6666666666667,0.0,0.0,0,0,0,0.4591623931623932,1437.3703703703707,362616.3333333333,15.883248730964468,0.3333333333333333,21.88888888888889,0.0,0,0.4591623931623932,0.5408376068376068,Not At Risk,Low
937462007,CRS261592,12,0.0,0.0,77.46000000000001,0.0,0.0,1349.0,0.0,75.9,1997,77,77.46000000000001,-77.46000000000001,1349.0,-1349.0,2000.0172000000002,44.721551851428416,606600.3333333333,778.8455131368052,25.820000000000004,449.6666666666667,1,77.46000000000001,0.0,0.03800701051577366,0.05742031134173462,25.820000000000004,0.0,0.0,449.6666666666667,0.0,0.0,0,0,0,0.18735087135087133,2000.0172000000002,606600.3333333333,17.415440227214045,0.3333333333333333,25.820000000000004,0.0,0,0.18735087135087133,0.8126491286491286,Not At Risk,High
937462007,CRS430230,12,0.0,84.97999999999999,81.72999999999999,0.0,1102.0,1169.0,0.0,81.4,2271,133,-3.25,-81.72999999999999,67.0,-1169.0,2318.6592999999993,48.15245891956089,430909.0,656.4365925205572,55.56999999999999,757.0,2,84.97999999999999,0.0,0.035843240863055924,0.07340819022457067,55.56999999999999,0.0,-84.97999999999999,757.0,0.0,-1102.0,1,0,1,0.1953968253968254,2318.6592999999993,430909.0,13.622458160878173,0.6666666666666666,41.40666666666666,-3.25,0,0.1953968253968254,0.8046031746031745,Not At Risk,High
937462007,CRS583398,12,0.1111111111111111,0.0,63.9,64.43333333333334,0.0,854.0,288.0,63.1,1614,98,63.9,0.5333333333333385,854.0,-566.0,1372.524814814815,37.04760201166622,188769.33333333334,434.475929521226,42.77777777777778,380.6666666666667,2,64.43333333333334,0.0,0.03909541511771995,0.11237594862813777,42.77777777777778,64.43333333333334,64.43333333333334,380.6666666666667,288.0,288.0,0,0,0,0.4805776445776445,1372.524814814815,188769.33333333334,8.8987012987013,0.6666666666666666,53.51666666666667,0.5333333333333385,0,0.4805776445776445,0.5194223554223555,Not At Risk,Low
937462007,CRS831057,12,0.0,0.0,79.48571428571428,78.55,0.0,1023.0,87.0,79.3,1463,112,79.48571428571428,-0.9357142857142833,1023.0,-936.0,2081.492806122449,45.623380038336144,321699.0,567.1851549538299,52.67857142857142,370.0,2,79.48571428571428,0.0,0.05420369104579631,0.14237451737451737,52.67857142857142,78.55,78.55,370.0,87.0,87.0,0,0,0,0.041561771561771564,2081.492806122449,321699.0,7.023728813559322,0.6666666666666666,65.77023809523808,-0.9357142857142833,0,0.041561771561771564,0.9584382284382285,Not At Risk,Very High
952572162,CRS261592,9,0.0,0.0,82.76666666666667,0.0,0.0,1271.0,0.0,82.5,2052,77,82.76666666666667,-82.76666666666667,1271.0,-1271.0,2283.44037037037,47.78535727992802,538480.3333333333,733.8121921400143,27.58888888888889,423.6666666666667,1,82.76666666666667,0.0,0.0402046783625731,0.06511932861264096,27.58888888888889,0.0,0.0,423.6666666666667,0.0,0.0,0,0,1,0.21485603285603289,2283.44037037037,538480.3333333333,15.356423681031012,0.3333333333333333,27.58888888888889,0.0,0,0.21485603285603289,0.7851439671439671,Not At Risk,High
952572162,CRS430230,9,0.1,76.17999999999999,79.13,0.0,1050.0,1461.0,0.0,79.1,2511,133,2.950000000000003,-79.13,411.0,-1461.0,2012.2752999999998,44.85839163411902,567657.0,753.4301560197866,51.77,837.0,2,79.13,0.0,0.031501393866985264,0.06185185185185185,51.77,0.0,-76.17999999999999,837.0,0.0,-1050.0,1,0,0,0.246956154956155,2012.2752999999998,567657.0,16.16766467065868,0.6666666666666666,39.07333333333333,2.950000000000003,0,0.246956154956155,0.753043845043845,Not At Risk,High
952572162,CRS583398,9,0.125,0.0,100.0,100.0,0.0,980.0,258.0,100.0,1926,98,100.0,0.0,980.0,-722.0,3333.333333333334,57.73502691896258,258041.33333333328,507.9776897988073,66.66666666666667,412.6666666666667,2,100.0,0.0,0.05192107995846314,0.16155088852988692,66.66666666666667,100.0,100.0,412.6666666666667,258.0,258.0,0,0,1,0.009743589743589744,3333.333333333334,258041.33333333328,6.1899999999999995,0.6666666666666666,83.33333333333333,0.0,0,0.009743589743589744,0.9902564102564103,Not At Risk,Very High
952572162,CRS831057,9,0.0,0.0,80.81666666666666,80.3,0.0,730.0,115.0,81.1,1492,112,80.81666666666666,-0.5166666666666657,730.0,-615.0,2163.281759259259,46.511092862447974,154058.33333333334,392.50265391884085,53.705555555555556,281.6666666666667,2,80.81666666666666,0.0,0.05435656836461126,0.1906706114398422,53.705555555555556,80.3,80.3,281.6666666666667,115.0,115.0,0,0,0,0.041561771561771564,2163.281759259259,154058.33333333334,5.244646736319438,0.6666666666666666,67.08888888888889,-0.5166666666666657,0,0.041561771561771564,0.9584382284382285,Not At Risk,Very High
