assignmentId,courseId,createdAt,id,isAvailable,moduleId,status,studentId,updatedAt
ASG112449,CRS261592,2025-09-24T16:49:39.785069,pa_42b1b794,True,MOD360213,pending,925707456,2025-09-24T16:49:39.785069
ASG057014,CRS261592,2025-09-24T16:49:39.785069,pa_81359e4e,True,MOD985400,pending,925707456,2025-09-24T16:49:39.785069
ASG852721,CRS261592,2025-09-24T16:49:39.785069,pa_494e1cf8,True,MOD985400,pending,925707456,2025-09-24T16:49:39.785069
ASG148982,CRS261592,2025-09-24T16:49:39.785069,pa_ac338b9c,True,MOD588503,pending,925707456,2025-09-24T16:49:39.785069
ASG175536,CRS261592,2025-09-24T16:49:39.785069,pa_238e12c7,True,MOD588503,pending,925707456,2025-09-24T16:49:39.785069
ASG313401,CRS261592,2025-09-24T16:49:39.785069,pa_74055fbc,True,MOD633349,pending,925707456,2025-09-24T16:49:39.785069
ASG410436,CRS261592,2025-09-24T16:49:39.785069,pa_c6fa90b4,True,MOD633349,pending,925707456,2025-09-24T16:49:39.785069
ASG770137,CRS261592,2025-09-24T16:49:39.785069,pa_9d8850d6,True,MOD426317,pending,925707456,2025-09-24T16:49:39.785069
ASG098251,CRS261592,2025-09-24T16:49:39.785069,pa_f3365957,True,MOD426317,pending,925707456,2025-09-24T16:49:39.785069
ASG299100,CRS831057,2025-09-24T16:49:39.787071,pa_1f95f66b,True,MOD824980,pending,925707456,2025-09-24T16:49:39.787071
ASG843006,CRS583398,2025-09-24T16:49:39.787071,pa_2fd023e2,True,MOD892680,pending,925707456,2025-09-24T16:49:39.787071
ASG644774,CRS430230,2025-09-24T16:49:39.789070,pa_3e29a8ba,True,MOD006571,pending,585222042,2025-09-24T16:49:39.789070
ASG770482,CRS430230,2025-09-24T16:49:39.789070,pa_eeb1d9ea,True,MOD006571,pending,585222042,2025-09-24T16:49:39.789070
ASG938132,CRS430230,2025-09-24T16:49:39.789070,pa_86c87969,True,MOD345410,pending,585222042,2025-09-24T16:49:39.789070
ASG382587,CRS430230,2025-09-24T16:49:39.789070,pa_76698252,True,MOD909075,pending,585222042,2025-09-24T16:49:39.789070
ASG399228,CRS430230,2025-09-24T16:49:39.789070,pa_fdd5daa2,True,MOD909075,pending,585222042,2025-09-24T16:49:39.789070
ASG112449,CRS261592,2025-09-24T16:49:39.790814,pa_e349abf7,True,MOD360213,pending,585222042,2025-09-24T16:49:39.790814
ASG148982,CRS261592,2025-09-24T16:49:39.790814,pa_585ba68b,True,MOD588503,pending,585222042,2025-09-24T16:49:39.790814
ASG175536,CRS261592,2025-09-24T16:49:39.790814,pa_7247f4b0,True,MOD588503,pending,585222042,2025-09-24T16:49:39.790814
ASG770137,CRS261592,2025-09-24T16:49:39.790814,pa_5f135b9c,True,MOD426317,pending,585222042,2025-09-24T16:49:39.790814
ASG098251,CRS261592,2025-09-24T16:49:39.790814,pa_d035abd2,True,MOD426317,pending,585222042,2025-09-24T16:49:39.790814
ASG727651,CRS831057,2025-09-24T16:49:39.790814,pa_340cd3d7,True,MOD559644,pending,585222042,2025-09-24T16:49:39.790814
ASG176760,CRS831057,2025-09-24T16:49:39.790814,pa_d79b82bb,True,MOD913915,pending,585222042,2025-09-24T16:49:39.790814
ASG609707,CRS831057,2025-09-24T16:49:39.790814,pa_662a7307,True,MOD913915,pending,585222042,2025-09-24T16:49:39.790814
ASG220478,CRS831057,2025-09-24T16:49:39.790814,pa_617f1b1f,True,MOD772650,pending,585222042,2025-09-24T16:49:39.790814
ASG004712,CRS831057,2025-09-24T16:49:39.790814,pa_255580a5,True,MOD214559,pending,585222042,2025-09-24T16:49:39.790814
ASG864612,CRS583398,2025-09-24T16:49:39.792317,pa_5f5c3735,True,MOD646818,pending,585222042,2025-09-24T16:49:39.792317
ASG798030,CRS583398,2025-09-24T16:49:39.792317,pa_5f8d31ed,True,MOD217930,pending,585222042,2025-09-24T16:49:39.792317
ASG168689,CRS583398,2025-09-24T16:49:39.792317,pa_6411da0e,True,MOD647562,pending,585222042,2025-09-24T16:49:39.792317
ASG976589,CRS430230,2025-09-24T16:49:39.794322,pa_fded599a,True,MOD700031,pending,657051563,2025-09-24T16:49:39.794322
ASG112449,CRS261592,2025-09-24T16:49:39.794322,pa_a417a07e,True,MOD360213,pending,657051563,2025-09-24T16:49:39.794322
ASG057014,CRS261592,2025-09-24T16:49:39.794322,pa_f93b578c,True,MOD985400,pending,657051563,2025-09-24T16:49:39.794322
ASG852721,CRS261592,2025-09-24T16:49:39.794322,pa_85f4f6ca,True,MOD985400,pending,657051563,2025-09-24T16:49:39.794322
ASG148982,CRS261592,2025-09-24T16:49:39.794322,pa_01028e24,True,MOD588503,pending,657051563,2025-09-24T16:49:39.794322
ASG175536,CRS261592,2025-09-24T16:49:39.794322,pa_40f5edf3,True,MOD588503,pending,657051563,2025-09-24T16:49:39.794322
ASG313401,CRS261592,2025-09-24T16:49:39.794322,pa_78697cf8,True,MOD633349,pending,657051563,2025-09-24T16:49:39.794322
ASG410436,CRS261592,2025-09-24T16:49:39.794322,pa_3b1c2575,True,MOD633349,pending,657051563,2025-09-24T16:49:39.794322
ASG770137,CRS261592,2025-09-24T16:49:39.794322,pa_87154f24,True,MOD426317,pending,657051563,2025-09-24T16:49:39.794322
ASG098251,CRS261592,2025-09-24T16:49:39.794322,pa_bf50b0ca,True,MOD426317,pending,657051563,2025-09-24T16:49:39.794322
ASG268002,CRS261592,2025-09-24T16:49:39.794322,pa_7381076b,True,MOD444415,pending,657051563,2025-09-24T16:49:39.794322
ASG263927,CRS261592,2025-09-24T16:49:39.794322,pa_06ac6eef,True,MOD922432,pending,657051563,2025-09-24T16:49:39.794322
ASG756236,CRS261592,2025-09-24T16:49:39.794322,pa_55db4eb7,True,MOD955420,pending,657051563,2025-09-24T16:49:39.794322
ASG871008,CRS831057,2025-09-24T16:49:39.796321,pa_f4e67b9f,True,MOD616746,pending,657051563,2025-09-24T16:49:39.796321
ASG467978,CRS583398,2025-09-24T16:49:39.797578,pa_e7ef88f8,True,MOD624828,pending,657051563,2025-09-24T16:49:39.797578
ASG525213,CRS430230,2025-09-24T16:49:39.797578,pa_37dbe399,True,MOD517327,pending,196116423,2025-09-24T16:49:39.797578
ASG244784,CRS430230,2025-09-24T16:49:39.797578,pa_da15d452,True,MOD517327,pending,196116423,2025-09-24T16:49:39.797578
ASG400832,CRS430230,2025-09-24T16:49:39.797578,pa_8f647b39,True,MOD543024,pending,196116423,2025-09-24T16:49:39.797578
ASG770137,CRS261592,2025-09-24T16:49:39.800192,pa_e4cd6fbb,True,MOD426317,pending,196116423,2025-09-24T16:49:39.800192
ASG727651,CRS831057,2025-09-24T16:49:39.800192,pa_664223ff,True,MOD559644,pending,196116423,2025-09-24T16:49:39.800192
ASG609707,CRS831057,2025-09-24T16:49:39.800192,pa_1639f303,True,MOD913915,pending,196116423,2025-09-24T16:49:39.800192
ASG251765,CRS831057,2025-09-24T16:49:39.800192,pa_f32ad65a,True,MOD415464,pending,196116423,2025-09-24T16:49:39.800192
ASG798030,CRS583398,2025-09-24T16:49:39.802196,pa_ffdaba46,True,MOD217930,pending,196116423,2025-09-24T16:49:39.802196
ASG716661,CRS583398,2025-09-24T16:49:39.802196,pa_153f0c7b,True,MOD647562,pending,196116423,2025-09-24T16:49:39.802196
ASG486881,CRS430230,2025-09-24T16:49:39.803195,pa_ede8d36b,True,MOD700031,pending,952572162,2025-09-24T16:49:39.803195
ASG976589,CRS430230,2025-09-24T16:49:39.803195,pa_889b7ef6,True,MOD700031,pending,952572162,2025-09-24T16:49:39.803195
ASG263927,CRS261592,2025-09-24T16:49:39.804195,pa_6fa93751,True,MOD922432,pending,952572162,2025-09-24T16:49:39.804195
ASG505574,CRS261592,2025-09-24T16:49:39.804195,pa_55a08a09,True,MOD955420,pending,952572162,2025-09-24T16:49:39.804195
ASG756236,CRS261592,2025-09-24T16:49:39.804195,pa_f31e3830,True,MOD955420,pending,952572162,2025-09-24T16:49:39.804195
ASG857855,CRS831057,2025-09-24T16:49:39.805050,pa_f078bb11,True,MOD228517,pending,952572162,2025-09-24T16:49:39.805050
ASG753549,CRS831057,2025-09-24T16:49:39.805050,pa_c94169bd,True,MOD228517,pending,952572162,2025-09-24T16:49:39.805050
ASG505003,CRS583398,2025-09-24T16:49:39.805050,pa_3399c71d,True,MOD416467,pending,952572162,2025-09-24T16:49:39.805050
ASG841128,CRS583398,2025-09-24T16:49:39.805050,pa_c7f16471,True,MOD416467,pending,952572162,2025-09-24T16:49:39.805050
ASG938132,CRS430230,2025-09-24T16:49:39.807051,pa_daff63ef,True,MOD345410,pending,851780651,2025-09-24T16:49:39.807051
ASG447003,CRS430230,2025-09-24T16:49:39.807051,pa_e6f2c161,True,MOD986258,pending,851780651,2025-09-24T16:49:39.807051
ASG410436,CRS261592,2025-09-24T16:49:39.807051,pa_4437f860,True,MOD633349,pending,851780651,2025-09-24T16:49:39.807051
ASG770137,CRS261592,2025-09-24T16:49:39.807051,pa_71556a70,True,MOD426317,pending,851780651,2025-09-24T16:49:39.807051
ASG176760,CRS831057,2025-09-24T16:49:39.809050,pa_9eceef7d,True,MOD913915,pending,851780651,2025-09-24T16:49:39.809050
ASG251765,CRS831057,2025-09-24T16:49:39.809050,pa_4e9e5f75,True,MOD415464,pending,851780651,2025-09-24T16:49:39.809050
ASG220478,CRS831057,2025-09-24T16:49:39.809050,pa_c854d775,True,MOD772650,pending,851780651,2025-09-24T16:49:39.809050
ASG984246,CRS831057,2025-09-24T16:49:39.809050,pa_6e89e981,True,MOD627975,pending,851780651,2025-09-24T16:49:39.809050
ASG299100,CRS831057,2025-09-24T16:49:39.809050,pa_1e520468,True,MOD824980,pending,851780651,2025-09-24T16:49:39.809050
ASG486881,CRS430230,2025-09-24T16:49:39.811551,pa_886fc69a,True,MOD700031,pending,480270549,2025-09-24T16:49:39.811551
ASG313401,CRS261592,2025-09-24T16:49:39.813054,pa_b673e21f,True,MOD633349,pending,480270549,2025-09-24T16:49:39.813054
ASG871008,CRS831057,2025-09-24T16:49:39.813054,pa_5db7357d,True,MOD616746,pending,480270549,2025-09-24T16:49:39.813054
ASG447003,CRS430230,2025-09-24T16:49:39.815058,pa_e04e64c0,True,MOD986258,pending,288594507,2025-09-24T16:49:39.815058
ASG770137,CRS261592,2025-09-24T16:49:39.818089,pa_dc1fcf52,True,MOD426317,pending,288594507,2025-09-24T16:49:39.818089
ASG098251,CRS261592,2025-09-24T16:49:39.818089,pa_65e350fd,True,MOD426317,pending,288594507,2025-09-24T16:49:39.818089
ASG268002,CRS261592,2025-09-24T16:49:39.818089,pa_4cd76fe3,True,MOD444415,pending,288594507,2025-09-24T16:49:39.818089
ASG727651,CRS831057,2025-09-24T16:49:39.818089,pa_05706538,True,MOD559644,pending,288594507,2025-09-24T16:49:39.818089
ASG251765,CRS831057,2025-09-24T16:49:39.818089,pa_a58778c5,True,MOD415464,pending,288594507,2025-09-24T16:49:39.818089
ASG220478,CRS831057,2025-09-24T16:49:39.818089,pa_db984151,True,MOD772650,pending,288594507,2025-09-24T16:49:39.818089
ASG924252,CRS831057,2025-09-24T16:49:39.818089,pa_0727dcfc,True,MOD627975,pending,288594507,2025-09-24T16:49:39.818089
ASG299100,CRS831057,2025-09-24T16:49:39.818089,pa_f5788830,True,MOD824980,pending,288594507,2025-09-24T16:49:39.818089
ASG864612,CRS583398,2025-09-24T16:49:39.820093,pa_ee203672,True,MOD646818,pending,288594507,2025-09-24T16:49:39.820093
ASG338808,CRS583398,2025-09-24T16:49:39.820093,pa_a34d0575,True,MOD780422,pending,288594507,2025-09-24T16:49:39.820093
ASG798030,CRS583398,2025-09-24T16:49:39.820093,pa_58d15ec6,True,MOD217930,pending,288594507,2025-09-24T16:49:39.820093
ASG622917,CRS583398,2025-09-24T16:49:39.820093,pa_3d85a770,True,MOD399152,pending,288594507,2025-09-24T16:49:39.820093
ASG168689,CRS583398,2025-09-24T16:49:39.820093,pa_6e73f9c5,True,MOD647562,pending,288594507,2025-09-24T16:49:39.820093
ASG716661,CRS583398,2025-09-24T16:49:39.820093,pa_3ae2cf4f,True,MOD647562,pending,288594507,2025-09-24T16:49:39.820093
ASG770482,CRS430230,2025-09-24T16:49:39.821093,pa_cf6ed3fe,True,MOD006571,pending,300007546,2025-09-24T16:49:39.821093
ASG611689,CRS430230,2025-09-24T16:49:39.821093,pa_9beb25c5,True,MOD986258,pending,300007546,2025-09-24T16:49:39.821093
ASG486881,CRS430230,2025-09-24T16:49:39.821093,pa_445edaa8,True,MOD700031,pending,300007546,2025-09-24T16:49:39.821093
ASG976589,CRS430230,2025-09-24T16:49:39.821093,pa_44dd8f43,True,MOD700031,pending,300007546,2025-09-24T16:49:39.821093
ASG148982,CRS261592,2025-09-24T16:49:39.823093,pa_985edffd,True,MOD588503,pending,300007546,2025-09-24T16:49:39.823093
ASG505574,CRS261592,2025-09-24T16:49:39.823093,pa_b1780209,True,MOD955420,pending,300007546,2025-09-24T16:49:39.823093
ASG756236,CRS261592,2025-09-24T16:49:39.823093,pa_74114599,True,MOD955420,pending,300007546,2025-09-24T16:49:39.823093
ASG609707,CRS831057,2025-09-24T16:49:39.823093,pa_7dc889a0,True,MOD913915,pending,300007546,2025-09-24T16:49:39.823093
ASG220478,CRS831057,2025-09-24T16:49:39.823093,pa_20897e29,True,MOD772650,pending,300007546,2025-09-24T16:49:39.823093
ASG871008,CRS831057,2025-09-24T16:49:39.823093,pa_82e6c102,True,MOD616746,pending,300007546,2025-09-24T16:49:39.823093
ASG857855,CRS831057,2025-09-24T16:49:39.823093,pa_1dedb54d,True,MOD228517,pending,300007546,2025-09-24T16:49:39.823093
ASG753549,CRS831057,2025-09-24T16:49:39.823093,pa_057b0752,True,MOD228517,pending,300007546,2025-09-24T16:49:39.823093
ASG800475,CRS583398,2025-09-24T16:49:39.825162,pa_ce7a61ef,True,MOD624828,pending,300007546,2025-09-24T16:49:39.825162
ASG505003,CRS583398,2025-09-24T16:49:39.825162,pa_feee4ae6,True,MOD416467,pending,300007546,2025-09-24T16:49:39.825162
ASG841128,CRS583398,2025-09-24T16:49:39.825162,pa_757ab8b3,True,MOD416467,pending,300007546,2025-09-24T16:49:39.825162
ASG525213,CRS430230,2025-09-24T16:49:39.825162,pa_c21052b2,True,MOD517327,pending,883973174,2025-09-24T16:49:39.825162
ASG400832,CRS430230,2025-09-24T16:49:39.825162,pa_ca752d05,True,MOD543024,pending,883973174,2025-09-24T16:49:39.825162
ASG770482,CRS430230,2025-09-24T16:49:39.825162,pa_6f25e1aa,True,MOD006571,pending,883973174,2025-09-24T16:49:39.825162
ASG611689,CRS430230,2025-09-24T16:49:39.825162,pa_f3dcafdf,True,MOD986258,pending,883973174,2025-09-24T16:49:39.825162
ASG447003,CRS430230,2025-09-24T16:49:39.825162,pa_8f7e021a,True,MOD986258,pending,883973174,2025-09-24T16:49:39.825162
ASG399228,CRS430230,2025-09-24T16:49:39.826162,pa_b006a33e,True,MOD909075,pending,883973174,2025-09-24T16:49:39.826162
ASG057014,CRS261592,2025-09-24T16:49:39.827161,pa_279e1873,True,MOD985400,pending,883973174,2025-09-24T16:49:39.827161
ASG148982,CRS261592,2025-09-24T16:49:39.827161,pa_046dbf2f,True,MOD588503,pending,883973174,2025-09-24T16:49:39.827161
ASG175536,CRS261592,2025-09-24T16:49:39.827161,pa_e620c175,True,MOD588503,pending,883973174,2025-09-24T16:49:39.827161
ASG221221,CRS831057,2025-09-24T16:49:39.828161,pa_6a44d512,True,MOD824980,pending,883973174,2025-09-24T16:49:39.828161
ASG004712,CRS831057,2025-09-24T16:49:39.828161,pa_de47323f,True,MOD214559,pending,883973174,2025-09-24T16:49:39.828161
ASG843006,CRS583398,2025-09-24T16:49:39.829161,pa_a7fd9ed7,True,MOD892680,pending,883973174,2025-09-24T16:49:39.829161
ASG590848,CRS583398,2025-09-24T16:49:39.829161,pa_b0cb2bf1,True,MOD217930,pending,883973174,2025-09-24T16:49:39.829161
ASG382587,CRS430230,2025-09-24T16:49:39.830161,pa_b698197b,True,MOD909075,pending,688424306,2025-09-24T16:49:39.830161
ASG486881,CRS430230,2025-09-24T16:49:39.830161,pa_fae7e635,True,MOD700031,pending,688424306,2025-09-24T16:49:39.830161
ASG112449,CRS261592,2025-09-24T16:49:39.832206,pa_f2a650b0,True,MOD360213,pending,688424306,2025-09-24T16:49:39.832206
ASG057014,CRS261592,2025-09-24T16:49:39.832206,pa_f9626a95,True,MOD985400,pending,688424306,2025-09-24T16:49:39.832206
ASG852721,CRS261592,2025-09-24T16:49:39.832206,pa_9ad48d60,True,MOD985400,pending,688424306,2025-09-24T16:49:39.832206
ASG148982,CRS261592,2025-09-24T16:49:39.832206,pa_4dbd28ee,True,MOD588503,pending,688424306,2025-09-24T16:49:39.832206
ASG175536,CRS261592,2025-09-24T16:49:39.832206,pa_1b6ddeb9,True,MOD588503,pending,688424306,2025-09-24T16:49:39.832206
ASG313401,CRS261592,2025-09-24T16:49:39.832206,pa_7f287a93,True,MOD633349,pending,688424306,2025-09-24T16:49:39.832206
ASG410436,CRS261592,2025-09-24T16:49:39.832206,pa_d9de55b2,True,MOD633349,pending,688424306,2025-09-24T16:49:39.832206
ASG770137,CRS261592,2025-09-24T16:49:39.832206,pa_834a3d6b,True,MOD426317,pending,688424306,2025-09-24T16:49:39.832206
ASG098251,CRS261592,2025-09-24T16:49:39.832206,pa_8d00576f,True,MOD426317,pending,688424306,2025-09-24T16:49:39.832206
ASG268002,CRS261592,2025-09-24T16:49:39.832206,pa_9e386d3c,True,MOD444415,pending,688424306,2025-09-24T16:49:39.832206
ASG263927,CRS261592,2025-09-24T16:49:39.832206,pa_f8a8b27d,True,MOD922432,pending,688424306,2025-09-24T16:49:39.832206
ASG525213,CRS430230,2025-09-24T16:49:39.834213,pa_5a0dfa88,True,MOD517327,pending,640614970,2025-09-24T16:49:39.834213
ASG770482,CRS430230,2025-09-24T16:49:39.834213,pa_c843c069,True,MOD006571,pending,640614970,2025-09-24T16:49:39.834213
ASG611689,CRS430230,2025-09-24T16:49:39.834213,pa_0b3e87bd,True,MOD986258,pending,640614970,2025-09-24T16:49:39.834213
ASG112449,CRS261592,2025-09-24T16:49:39.836213,pa_ca7ab25f,True,MOD360213,pending,640614970,2025-09-24T16:49:39.836213
ASG852721,CRS261592,2025-09-24T16:49:39.836213,pa_0e84525f,True,MOD985400,pending,640614970,2025-09-24T16:49:39.836213
ASG313401,CRS261592,2025-09-24T16:49:39.836213,pa_3fd09bcc,True,MOD633349,pending,640614970,2025-09-24T16:49:39.836213
ASG220478,CRS831057,2025-09-24T16:49:39.836213,pa_b742d801,True,MOD772650,pending,640614970,2025-09-24T16:49:39.836213
ASG273906,CRS583398,2025-09-24T16:49:39.839662,pa_8bcdf709,True,MOD892680,pending,640614970,2025-09-24T16:49:39.839662
ASG798030,CRS583398,2025-09-24T16:49:39.839662,pa_9ef3ff22,True,MOD217930,pending,640614970,2025-09-24T16:49:39.839662
ASG268002,CRS261592,2025-09-24T16:49:39.841454,pa_bf00f4f6,True,MOD444415,pending,744847730,2025-09-24T16:49:39.841454
ASG800475,CRS583398,2025-09-24T16:49:39.848831,pa_d8f4c174,True,MOD624828,pending,646671872,2025-09-24T16:49:39.848831
ASG467978,CRS583398,2025-09-24T16:49:39.848831,pa_fb133550,True,MOD624828,pending,646671872,2025-09-24T16:49:39.848831
ASG525213,CRS430230,2025-09-24T16:49:39.849833,pa_25030c5f,True,MOD517327,pending,341741570,2025-09-24T16:49:39.849833
ASG382587,CRS430230,2025-09-24T16:49:39.849833,pa_964ffce6,True,MOD909075,pending,341741570,2025-09-24T16:49:39.849833
ASG399228,CRS430230,2025-09-24T16:49:39.849833,pa_61804089,True,MOD909075,pending,341741570,2025-09-24T16:49:39.849833
ASG486881,CRS430230,2025-09-24T16:49:39.849833,pa_bfec748e,True,MOD700031,pending,341741570,2025-09-24T16:49:39.849833
ASG976589,CRS430230,2025-09-24T16:49:39.849833,pa_17b9d7cc,True,MOD700031,pending,341741570,2025-09-24T16:49:39.849833
ASG057014,CRS261592,2025-09-24T16:49:39.850833,pa_bb3895bb,True,MOD985400,pending,341741570,2025-09-24T16:49:39.850833
ASG175536,CRS261592,2025-09-24T16:49:39.850833,pa_0c93fb34,True,MOD588503,pending,341741570,2025-09-24T16:49:39.850833
ASG313401,CRS261592,2025-09-24T16:49:39.850833,pa_485d446e,True,MOD633349,pending,341741570,2025-09-24T16:49:39.850833
ASG098251,CRS261592,2025-09-24T16:49:39.851833,pa_02070140,True,MOD426317,pending,341741570,2025-09-24T16:49:39.851833
ASG263927,CRS261592,2025-09-24T16:49:39.851833,pa_a725443d,True,MOD922432,pending,341741570,2025-09-24T16:49:39.851833
ASG505574,CRS261592,2025-09-24T16:49:39.851833,pa_e49a71cb,True,MOD955420,pending,341741570,2025-09-24T16:49:39.851833
ASG756236,CRS261592,2025-09-24T16:49:39.851833,pa_ba54d856,True,MOD955420,pending,341741570,2025-09-24T16:49:39.851833
ASG727651,CRS831057,2025-09-24T16:49:39.851833,pa_95da2ac6,True,MOD559644,pending,341741570,2025-09-24T16:49:39.851833
ASG220478,CRS831057,2025-09-24T16:49:39.851833,pa_ed730c9c,True,MOD772650,pending,341741570,2025-09-24T16:49:39.851833
ASG221221,CRS831057,2025-09-24T16:49:39.851833,pa_1806bd35,True,MOD824980,pending,341741570,2025-09-24T16:49:39.851833
ASG871008,CRS831057,2025-09-24T16:49:39.851833,pa_59286eae,True,MOD616746,pending,341741570,2025-09-24T16:49:39.851833
ASG857855,CRS831057,2025-09-24T16:49:39.851833,pa_6935fec1,True,MOD228517,pending,341741570,2025-09-24T16:49:39.851833
ASG753549,CRS831057,2025-09-24T16:49:39.851833,pa_8900806d,True,MOD228517,pending,341741570,2025-09-24T16:49:39.851833
ASG168689,CRS583398,2025-09-24T16:49:39.853855,pa_1ead9c10,True,MOD647562,pending,341741570,2025-09-24T16:49:39.853855
ASG716661,CRS583398,2025-09-24T16:49:39.853855,pa_9c370c28,True,MOD647562,pending,341741570,2025-09-24T16:49:39.853855
ASG800475,CRS583398,2025-09-24T16:49:39.853855,pa_db7e2ba0,True,MOD624828,pending,341741570,2025-09-24T16:49:39.853855
ASG467978,CRS583398,2025-09-24T16:49:39.853855,pa_29c8a70f,True,MOD624828,pending,341741570,2025-09-24T16:49:39.853855
ASG505003,CRS583398,2025-09-24T16:49:39.853855,pa_4ce4f972,True,MOD416467,pending,341741570,2025-09-24T16:49:39.853855
ASG841128,CRS583398,2025-09-24T16:49:39.853855,pa_32c578bb,True,MOD416467,pending,341741570,2025-09-24T16:49:39.853855
ASG263927,CRS261592,2025-09-24T16:49:39.856854,pa_30abbc78,True,MOD922432,pending,937462007,2025-09-24T16:49:39.856854
ASG938132,CRS430230,2025-09-24T16:49:39.858854,pa_9d209b5b,True,MOD345410,pending,435708217,2025-09-24T16:49:39.858854
ASG505574,CRS261592,2025-09-24T16:49:39.859854,pa_e8a4901e,True,MOD955420,pending,435708217,2025-09-24T16:49:39.859854
ASG756236,CRS261592,2025-09-24T16:49:39.859854,pa_93cddeb7,True,MOD955420,pending,435708217,2025-09-24T16:49:39.859854
ASG753549,CRS831057,2025-09-24T16:49:39.861861,pa_b0566f14,True,MOD228517,pending,435708217,2025-09-24T16:49:39.861861
ASG505003,CRS583398,2025-09-24T16:49:39.863861,pa_3c0cee71,True,MOD416467,pending,435708217,2025-09-24T16:49:39.863861
ASG505574,CRS261592,2025-09-24T16:49:39.865868,pa_21e8e5d9,True,MOD955420,pending,292740070,2025-09-24T16:49:39.865868
ASG857855,CRS831057,2025-09-24T16:49:39.865868,pa_77cdaece,True,MOD228517,pending,292740070,2025-09-24T16:49:39.865868
ASG753549,CRS831057,2025-09-24T16:49:39.865868,pa_5f45ce70,True,MOD228517,pending,292740070,2025-09-24T16:49:39.865868
ASG505003,CRS583398,2025-09-24T16:49:39.867873,pa_2111cfdc,True,MOD416467,pending,292740070,2025-09-24T16:49:39.867873
ASG399228,CRS430230,2025-09-24T16:49:39.867873,pa_30dc83eb,True,MOD909075,pending,436217355,2025-09-24T16:49:39.867873
ASG486881,CRS430230,2025-09-24T16:49:39.867873,pa_3ebb1e1f,True,MOD700031,pending,436217355,2025-09-24T16:49:39.867873
ASG976589,CRS430230,2025-09-24T16:49:39.867873,pa_99cdff55,True,MOD700031,pending,436217355,2025-09-24T16:49:39.867873
ASG175536,CRS261592,2025-09-24T16:49:39.869871,pa_658c44c7,True,MOD588503,pending,436217355,2025-09-24T16:49:39.869871
ASG268002,CRS261592,2025-09-24T16:49:39.869871,pa_fe6ca0e3,True,MOD444415,pending,436217355,2025-09-24T16:49:39.869871
ASG263927,CRS261592,2025-09-24T16:49:39.869871,pa_b82a54d0,True,MOD922432,pending,436217355,2025-09-24T16:49:39.869871
ASG505574,CRS261592,2025-09-24T16:49:39.869871,pa_d83d8191,True,MOD955420,pending,436217355,2025-09-24T16:49:39.869871
ASG756236,CRS261592,2025-09-24T16:49:39.869871,pa_7155cf37,True,MOD955420,pending,436217355,2025-09-24T16:49:39.869871
ASG727651,CRS831057,2025-09-24T16:49:39.869871,pa_0f17c303,True,MOD559644,pending,436217355,2025-09-24T16:49:39.869871
ASG220478,CRS831057,2025-09-24T16:49:39.869871,pa_5d1b63f9,True,MOD772650,pending,436217355,2025-09-24T16:49:39.869871
ASG004712,CRS831057,2025-09-24T16:49:39.871871,pa_d9e38576,True,MOD214559,pending,436217355,2025-09-24T16:49:39.871871
ASG871008,CRS831057,2025-09-24T16:49:39.871871,pa_f910ce98,True,MOD616746,pending,436217355,2025-09-24T16:49:39.871871
ASG857855,CRS831057,2025-09-24T16:49:39.871871,pa_67c77d6f,True,MOD228517,pending,436217355,2025-09-24T16:49:39.871871
ASG753549,CRS831057,2025-09-24T16:49:39.871871,pa_42cd11a4,True,MOD228517,pending,436217355,2025-09-24T16:49:39.871871
ASG800475,CRS583398,2025-09-24T16:49:39.871871,pa_87ef10e2,True,MOD624828,pending,436217355,2025-09-24T16:49:39.871871
ASG467978,CRS583398,2025-09-24T16:49:39.871871,pa_116dffb9,True,MOD624828,pending,436217355,2025-09-24T16:49:39.871871
ASG505003,CRS583398,2025-09-24T16:49:39.873873,pa_fd062a63,True,MOD416467,pending,436217355,2025-09-24T16:49:39.873873
ASG841128,CRS583398,2025-09-24T16:49:39.873873,pa_243815c7,True,MOD416467,pending,436217355,2025-09-24T16:49:39.873873
ASG400832,CRS430230,2025-09-24T16:49:39.873873,pa_facf1d89,True,MOD543024,pending,394292571,2025-09-24T16:49:39.873873
ASG486881,CRS430230,2025-09-24T16:49:39.873873,pa_574ef6a1,True,MOD700031,pending,394292571,2025-09-24T16:49:39.873873
ASG976589,CRS430230,2025-09-24T16:49:39.873873,pa_d4211255,True,MOD700031,pending,394292571,2025-09-24T16:49:39.873873
ASG268002,CRS261592,2025-09-24T16:49:39.875871,pa_43a59bbf,True,MOD444415,pending,394292571,2025-09-24T16:49:39.875871
ASG263927,CRS261592,2025-09-24T16:49:39.875871,pa_6ae7c4c7,True,MOD922432,pending,394292571,2025-09-24T16:49:39.875871
ASG505574,CRS261592,2025-09-24T16:49:39.875871,pa_411fa092,True,MOD955420,pending,394292571,2025-09-24T16:49:39.875871
ASG756236,CRS261592,2025-09-24T16:49:39.875871,pa_a7ff877f,True,MOD955420,pending,394292571,2025-09-24T16:49:39.875871
ASG220478,CRS831057,2025-09-24T16:49:39.875871,pa_217f4f01,True,MOD772650,pending,394292571,2025-09-24T16:49:39.875871
ASG984246,CRS831057,2025-09-24T16:49:39.875871,pa_fed9d7da,True,MOD627975,pending,394292571,2025-09-24T16:49:39.875871
ASG004712,CRS831057,2025-09-24T16:49:39.875871,pa_d4b3b4fa,True,MOD214559,pending,394292571,2025-09-24T16:49:39.875871
ASG871008,CRS831057,2025-09-24T16:49:39.875871,pa_21c3c7a0,True,MOD616746,pending,394292571,2025-09-24T16:49:39.875871
ASG857855,CRS831057,2025-09-24T16:49:39.875871,pa_ff680d52,True,MOD228517,pending,394292571,2025-09-24T16:49:39.875871
ASG753549,CRS831057,2025-09-24T16:49:39.875871,pa_77f1bef2,True,MOD228517,pending,394292571,2025-09-24T16:49:39.875871
ASG843006,CRS583398,2025-09-24T16:49:39.877871,pa_b0bb5c58,True,MOD892680,pending,394292571,2025-09-24T16:49:39.877871
ASG168689,CRS583398,2025-09-24T16:49:39.877871,pa_4f4afe16,True,MOD647562,pending,394292571,2025-09-24T16:49:39.877871
ASG800475,CRS583398,2025-09-24T16:49:39.877871,pa_f01692ab,True,MOD624828,pending,394292571,2025-09-24T16:49:39.877871
ASG467978,CRS583398,2025-09-24T16:49:39.877871,pa_cf713ef7,True,MOD624828,pending,394292571,2025-09-24T16:49:39.877871
ASG505003,CRS583398,2025-09-24T16:49:39.877871,pa_2ad5e3d8,True,MOD416467,pending,394292571,2025-09-24T16:49:39.877871
ASG841128,CRS583398,2025-09-24T16:49:39.877871,pa_6bf0f365,True,MOD416467,pending,394292571,2025-09-24T16:49:39.877871
ASG525213,CRS430230,2025-09-24T16:49:39.877871,pa_42e1aa3a,True,MOD517327,pending,798363750,2025-09-24T16:49:39.877871
ASG175536,CRS261592,2025-09-24T16:49:39.879872,pa_93e87082,True,MOD588503,pending,798363750,2025-09-24T16:49:39.879872
ASG299100,CRS831057,2025-09-24T16:49:39.881872,pa_f7373022,True,MOD824980,pending,798363750,2025-09-24T16:49:39.881872
ASG871008,CRS831057,2025-09-24T16:49:39.881872,pa_7b4e1c2b,True,MOD616746,pending,798363750,2025-09-24T16:49:39.881872
ASG484417,CRS583398,2025-09-24T16:49:39.883871,pa_67f702b7,True,MOD780422,pending,798363750,2025-09-24T16:49:39.883871
ASG486881,CRS430230,2025-09-24T16:49:39.883871,pa_dd91e5c3,True,MOD700031,pending,819504483,2025-09-24T16:49:39.883871
ASG976589,CRS430230,2025-09-24T16:49:39.883871,pa_0255aa5e,True,MOD700031,pending,819504483,2025-09-24T16:49:39.883871
ASG313401,CRS261592,2025-09-24T16:49:39.885871,pa_0287c43b,True,MOD633349,pending,819504483,2025-09-24T16:49:39.885871
ASG263927,CRS261592,2025-09-24T16:49:39.885871,pa_c1f167d0,True,MOD922432,pending,819504483,2025-09-24T16:49:39.885871
ASG505574,CRS261592,2025-09-24T16:49:39.885871,pa_64927e3c,True,MOD955420,pending,819504483,2025-09-24T16:49:39.885871
ASG756236,CRS261592,2025-09-24T16:49:39.885871,pa_8c0a2277,True,MOD955420,pending,819504483,2025-09-24T16:49:39.885871
ASG220478,CRS831057,2025-09-24T16:49:39.885871,pa_b6263f44,True,MOD772650,pending,819504483,2025-09-24T16:49:39.885871
ASG746675,CRS831057,2025-09-24T16:49:39.885871,pa_a8b58066,True,MOD772650,pending,819504483,2025-09-24T16:49:39.885871
ASG482072,CRS831057,2025-09-24T16:49:39.885871,pa_76501d64,True,MOD214559,pending,819504483,2025-09-24T16:49:39.885871
ASG871008,CRS831057,2025-09-24T16:49:39.885871,pa_1ea60a62,True,MOD616746,pending,819504483,2025-09-24T16:49:39.885871
ASG857855,CRS831057,2025-09-24T16:49:39.885871,pa_f520e6fb,True,MOD228517,pending,819504483,2025-09-24T16:49:39.885871
ASG753549,CRS831057,2025-09-24T16:49:39.885871,pa_5704321d,True,MOD228517,pending,819504483,2025-09-24T16:49:39.885871
ASG843006,CRS583398,2025-09-24T16:49:39.887873,pa_140e1047,True,MOD892680,pending,819504483,2025-09-24T16:49:39.887873
ASG798030,CRS583398,2025-09-24T16:49:39.887873,pa_f38fccf9,True,MOD217930,pending,819504483,2025-09-24T16:49:39.887873
ASG716661,CRS583398,2025-09-24T16:49:39.887873,pa_d51cb135,True,MOD647562,pending,819504483,2025-09-24T16:49:39.887873
ASG800475,CRS583398,2025-09-24T16:49:39.887873,pa_ac655de2,True,MOD624828,pending,819504483,2025-09-24T16:49:39.887873
ASG467978,CRS583398,2025-09-24T16:49:39.887873,pa_fa7793ec,True,MOD624828,pending,819504483,2025-09-24T16:49:39.887873
ASG505003,CRS583398,2025-09-24T16:49:39.887873,pa_c08f8e45,True,MOD416467,pending,819504483,2025-09-24T16:49:39.887873
ASG841128,CRS583398,2025-09-24T16:49:39.887873,pa_3b816f5d,True,MOD416467,pending,819504483,2025-09-24T16:49:39.887873
ASG611689,CRS430230,2025-09-24T16:49:39.889871,pa_e9acd2d1,True,MOD986258,pending,468713922,2025-09-24T16:49:39.889871
ASG382587,CRS430230,2025-09-24T16:49:39.889871,pa_a6431212,True,MOD909075,pending,468713922,2025-09-24T16:49:39.889871
ASG112449,CRS261592,2025-09-24T16:49:39.889871,pa_c00c6e59,True,MOD360213,pending,468713922,2025-09-24T16:49:39.889871
ASG057014,CRS261592,2025-09-24T16:49:39.889871,pa_a7dad40b,True,MOD985400,pending,468713922,2025-09-24T16:49:39.889871
ASG852721,CRS261592,2025-09-24T16:49:39.889871,pa_5a347d13,True,MOD985400,pending,468713922,2025-09-24T16:49:39.889871
ASG148982,CRS261592,2025-09-24T16:49:39.889871,pa_dacf96be,True,MOD588503,pending,468713922,2025-09-24T16:49:39.889871
ASG175536,CRS261592,2025-09-24T16:49:39.891871,pa_302b5c1c,True,MOD588503,pending,468713922,2025-09-24T16:49:39.891871
ASG313401,CRS261592,2025-09-24T16:49:39.891871,pa_d6361348,True,MOD633349,pending,468713922,2025-09-24T16:49:39.891871
ASG410436,CRS261592,2025-09-24T16:49:39.891871,pa_b7a5818c,True,MOD633349,pending,468713922,2025-09-24T16:49:39.891871
ASG770137,CRS261592,2025-09-24T16:49:39.891871,pa_c79f99b8,True,MOD426317,pending,468713922,2025-09-24T16:49:39.891871
ASG098251,CRS261592,2025-09-24T16:49:39.891871,pa_790d339c,True,MOD426317,pending,468713922,2025-09-24T16:49:39.891871
ASG268002,CRS261592,2025-09-24T16:49:39.891871,pa_56266147,True,MOD444415,pending,468713922,2025-09-24T16:49:39.891871
ASG263927,CRS261592,2025-09-24T16:49:39.891871,pa_87d51b95,True,MOD922432,pending,468713922,2025-09-24T16:49:39.891871
ASG176760,CRS831057,2025-09-24T16:49:39.891871,pa_3890c5a0,True,MOD913915,pending,468713922,2025-09-24T16:49:39.891871
ASG746675,CRS831057,2025-09-24T16:49:39.891871,pa_1fddd273,True,MOD772650,pending,468713922,2025-09-24T16:49:39.891871
ASG004712,CRS831057,2025-09-24T16:49:39.891871,pa_2b8b7065,True,MOD214559,pending,468713922,2025-09-24T16:49:39.891871
ASG871008,CRS831057,2025-09-24T16:49:39.891871,pa_6cedbff2,True,MOD616746,pending,468713922,2025-09-24T16:49:39.891871
ASG273906,CRS583398,2025-09-24T16:49:39.893872,pa_bfacdf4d,True,MOD892680,pending,468713922,2025-09-24T16:49:39.893872
ASG864612,CRS583398,2025-09-24T16:49:39.893872,pa_958d2513,True,MOD646818,pending,468713922,2025-09-24T16:49:39.893872
ASG800475,CRS583398,2025-09-24T16:49:39.893872,pa_535e8c7c,True,MOD624828,pending,468713922,2025-09-24T16:49:39.893872
ASG467978,CRS583398,2025-09-24T16:49:39.893872,pa_71fde079,True,MOD624828,pending,468713922,2025-09-24T16:49:39.893872
ASG486881,CRS430230,2025-09-24T16:49:39.893872,pa_f31bc76a,True,MOD700031,pending,167160520,2025-09-24T16:49:39.893872
ASG505574,CRS261592,2025-09-24T16:49:39.895872,pa_0669c987,True,MOD955420,pending,167160520,2025-09-24T16:49:39.895872
ASG857855,CRS831057,2025-09-24T16:49:39.897871,pa_e27330d2,True,MOD228517,pending,167160520,2025-09-24T16:49:39.897871
ASG753549,CRS831057,2025-09-24T16:49:39.897871,pa_37bd0144,True,MOD228517,pending,167160520,2025-09-24T16:49:39.897871
ASG505003,CRS583398,2025-09-24T16:49:39.899871,pa_828d605e,True,MOD416467,pending,167160520,2025-09-24T16:49:39.899871
ASG841128,CRS583398,2025-09-24T16:49:39.899871,pa_66b3ca1c,True,MOD416467,pending,167160520,2025-09-24T16:49:39.899871
ASG525213,CRS430230,2025-09-24T16:49:39.899871,pa_26ec4d7c,True,MOD517327,pending,173171118,2025-09-24T16:49:39.899871
ASG244784,CRS430230,2025-09-24T16:49:39.899871,pa_d347ec70,True,MOD517327,pending,173171118,2025-09-24T16:49:39.899871
ASG644774,CRS430230,2025-09-24T16:49:39.899871,pa_73843b84,True,MOD006571,pending,173171118,2025-09-24T16:49:39.899871
ASG938132,CRS430230,2025-09-24T16:49:39.899871,pa_0b9e1b5f,True,MOD345410,pending,173171118,2025-09-24T16:49:39.899871
ASG611689,CRS430230,2025-09-24T16:49:39.899871,pa_4f476d4d,True,MOD986258,pending,173171118,2025-09-24T16:49:39.899871
ASG447003,CRS430230,2025-09-24T16:49:39.899871,pa_eb7e5b18,True,MOD986258,pending,173171118,2025-09-24T16:49:39.899871
ASG057014,CRS261592,2025-09-24T16:49:39.901873,pa_642c2e2b,True,MOD985400,pending,173171118,2025-09-24T16:49:39.901873
ASG175536,CRS261592,2025-09-24T16:49:39.901873,pa_a401116a,True,MOD588503,pending,173171118,2025-09-24T16:49:39.901873
ASG313401,CRS261592,2025-09-24T16:49:39.901873,pa_95117028,True,MOD633349,pending,173171118,2025-09-24T16:49:39.901873
ASG410436,CRS261592,2025-09-24T16:49:39.901873,pa_a87707fe,True,MOD633349,pending,173171118,2025-09-24T16:49:39.901873
ASG770137,CRS261592,2025-09-24T16:49:39.901873,pa_8650db27,True,MOD426317,pending,173171118,2025-09-24T16:49:39.901873
ASG727651,CRS831057,2025-09-24T16:49:39.901873,pa_106b17d0,True,MOD559644,pending,173171118,2025-09-24T16:49:39.901873
ASG220478,CRS831057,2025-09-24T16:49:39.901873,pa_e35589e0,True,MOD772650,pending,173171118,2025-09-24T16:49:39.901873
ASG924252,CRS831057,2025-09-24T16:49:39.901873,pa_236b86fc,True,MOD627975,pending,173171118,2025-09-24T16:49:39.901873
ASG984246,CRS831057,2025-09-24T16:49:39.901873,pa_77af82b0,True,MOD627975,pending,173171118,2025-09-24T16:49:39.901873
ASG221221,CRS831057,2025-09-24T16:49:39.901873,pa_659c3004,True,MOD824980,pending,173171118,2025-09-24T16:49:39.901873
ASG716661,CRS583398,2025-09-24T16:49:39.903871,pa_7ef4938f,True,MOD647562,pending,173171118,2025-09-24T16:49:39.903871
ASG486881,CRS430230,2025-09-24T16:49:39.905871,pa_acc030d4,True,MOD700031,pending,510851138,2025-09-24T16:49:39.905871
ASG976589,CRS430230,2025-09-24T16:49:39.905871,pa_5b9c1fb0,True,MOD700031,pending,510851138,2025-09-24T16:49:39.905871
ASG263927,CRS261592,2025-09-24T16:49:39.908468,pa_88d5d8f7,True,MOD922432,pending,510851138,2025-09-24T16:49:39.908468
ASG505574,CRS261592,2025-09-24T16:49:39.908468,pa_b9a5aa01,True,MOD955420,pending,510851138,2025-09-24T16:49:39.908468
ASG756236,CRS261592,2025-09-24T16:49:39.908468,pa_d0dab958,True,MOD955420,pending,510851138,2025-09-24T16:49:39.908468
ASG727651,CRS831057,2025-09-24T16:49:39.908468,pa_7c041520,True,MOD559644,pending,510851138,2025-09-24T16:49:39.908468
ASG176760,CRS831057,2025-09-24T16:49:39.908468,pa_3d0a0780,True,MOD913915,pending,510851138,2025-09-24T16:49:39.908468
ASG609707,CRS831057,2025-09-24T16:49:39.908468,pa_3463c90f,True,MOD913915,pending,510851138,2025-09-24T16:49:39.908468
ASG251765,CRS831057,2025-09-24T16:49:39.908468,pa_c690f86d,True,MOD415464,pending,510851138,2025-09-24T16:49:39.908468
ASG220478,CRS831057,2025-09-24T16:49:39.908468,pa_13ce6ad6,True,MOD772650,pending,510851138,2025-09-24T16:49:39.908468
ASG746675,CRS831057,2025-09-24T16:49:39.908468,pa_b9aa9610,True,MOD772650,pending,510851138,2025-09-24T16:49:39.908468
ASG924252,CRS831057,2025-09-24T16:49:39.908468,pa_e72e600b,True,MOD627975,pending,510851138,2025-09-24T16:49:39.908468
ASG984246,CRS831057,2025-09-24T16:49:39.909175,pa_8ae0a369,True,MOD627975,pending,510851138,2025-09-24T16:49:39.909175
ASG299100,CRS831057,2025-09-24T16:49:39.909175,pa_959ec4ed,True,MOD824980,pending,510851138,2025-09-24T16:49:39.909175
ASG221221,CRS831057,2025-09-24T16:49:39.909175,pa_3bcb91dd,True,MOD824980,pending,510851138,2025-09-24T16:49:39.909175
ASG482072,CRS831057,2025-09-24T16:49:39.909175,pa_de099858,True,MOD214559,pending,510851138,2025-09-24T16:49:39.909175
ASG004712,CRS831057,2025-09-24T16:49:39.909175,pa_efc13e01,True,MOD214559,pending,510851138,2025-09-24T16:49:39.909175
ASG871008,CRS831057,2025-09-24T16:49:39.909175,pa_7453a02e,True,MOD616746,pending,510851138,2025-09-24T16:49:39.909175
ASG857855,CRS831057,2025-09-24T16:49:39.909175,pa_daab5af1,True,MOD228517,pending,510851138,2025-09-24T16:49:39.909175
ASG590848,CRS583398,2025-09-24T16:49:39.910992,pa_c2ccc4c9,True,MOD217930,pending,510851138,2025-09-24T16:49:39.910992
ASG841128,CRS583398,2025-09-24T16:49:39.910992,pa_cc0734f0,True,MOD416467,pending,510851138,2025-09-24T16:49:39.910992
ASG486881,CRS430230,2025-09-24T16:49:39.910992,pa_a0d63835,True,MOD700031,pending,334072557,2025-09-24T16:49:39.910992
ASG112449,CRS261592,2025-09-24T16:49:39.912995,pa_cb36bab7,True,MOD360213,pending,334072557,2025-09-24T16:49:39.912995
ASG057014,CRS261592,2025-09-24T16:49:39.912995,pa_9f148674,True,MOD985400,pending,334072557,2025-09-24T16:49:39.912995
ASG852721,CRS261592,2025-09-24T16:49:39.912995,pa_6a9eba9d,True,MOD985400,pending,334072557,2025-09-24T16:49:39.912995
ASG148982,CRS261592,2025-09-24T16:49:39.912995,pa_3d23e5a4,True,MOD588503,pending,334072557,2025-09-24T16:49:39.912995
ASG175536,CRS261592,2025-09-24T16:49:39.912995,pa_209a06ed,True,MOD588503,pending,334072557,2025-09-24T16:49:39.912995
ASG313401,CRS261592,2025-09-24T16:49:39.912995,pa_e1e751cc,True,MOD633349,pending,334072557,2025-09-24T16:49:39.912995
ASG410436,CRS261592,2025-09-24T16:49:39.912995,pa_94fed033,True,MOD633349,pending,334072557,2025-09-24T16:49:39.912995
ASG770137,CRS261592,2025-09-24T16:49:39.912995,pa_e55afbcf,True,MOD426317,pending,334072557,2025-09-24T16:49:39.912995
ASG098251,CRS261592,2025-09-24T16:49:39.912995,pa_7f182064,True,MOD426317,pending,334072557,2025-09-24T16:49:39.912995
ASG268002,CRS261592,2025-09-24T16:49:39.912995,pa_50a136ea,True,MOD444415,pending,334072557,2025-09-24T16:49:39.912995
ASG263927,CRS261592,2025-09-24T16:49:39.912995,pa_0487bc70,True,MOD922432,pending,334072557,2025-09-24T16:49:39.912995
ASG871008,CRS831057,2025-09-24T16:49:39.912995,pa_dc54d2b7,True,MOD616746,pending,334072557,2025-09-24T16:49:39.912995
ASG467978,CRS583398,2025-09-24T16:49:39.916333,pa_54d75c86,True,MOD624828,pending,334072557,2025-09-24T16:49:39.916333
ASG611689,CRS430230,2025-09-24T16:49:39.922333,pa_f43a421b,True,MOD986258,pending,887978411,2025-09-24T16:49:39.922333
ASG112449,CRS261592,2025-09-24T16:49:39.924374,pa_73b40a00,True,MOD360213,pending,887978411,2025-09-24T16:49:39.924374
ASG727651,CRS831057,2025-09-24T16:49:39.925373,pa_d383159e,True,MOD559644,pending,887978411,2025-09-24T16:49:39.925373
ASG176760,CRS831057,2025-09-24T16:49:39.925373,pa_e1bc351b,True,MOD913915,pending,887978411,2025-09-24T16:49:39.925373
ASG609707,CRS831057,2025-09-24T16:49:39.925373,pa_fdf0517c,True,MOD913915,pending,887978411,2025-09-24T16:49:39.925373
ASG251765,CRS831057,2025-09-24T16:49:39.925373,pa_ab5084ad,True,MOD415464,pending,887978411,2025-09-24T16:49:39.925373
ASG220478,CRS831057,2025-09-24T16:49:39.925373,pa_0c4568a1,True,MOD772650,pending,887978411,2025-09-24T16:49:39.925373
ASG746675,CRS831057,2025-09-24T16:49:39.925373,pa_36a580bc,True,MOD772650,pending,887978411,2025-09-24T16:49:39.925373
ASG924252,CRS831057,2025-09-24T16:49:39.925373,pa_4c19ff39,True,MOD627975,pending,887978411,2025-09-24T16:49:39.925373
ASG984246,CRS831057,2025-09-24T16:49:39.925373,pa_e5a4099e,True,MOD627975,pending,887978411,2025-09-24T16:49:39.925373
ASG299100,CRS831057,2025-09-24T16:49:39.925373,pa_f3a0e572,True,MOD824980,pending,887978411,2025-09-24T16:49:39.925373
ASG221221,CRS831057,2025-09-24T16:49:39.925373,pa_58b9bf17,True,MOD824980,pending,887978411,2025-09-24T16:49:39.925373
ASG482072,CRS831057,2025-09-24T16:49:39.925373,pa_3dae343d,True,MOD214559,pending,887978411,2025-09-24T16:49:39.925373
ASG004712,CRS831057,2025-09-24T16:49:39.925373,pa_039f8ba6,True,MOD214559,pending,887978411,2025-09-24T16:49:39.925373
ASG871008,CRS831057,2025-09-24T16:49:39.925373,pa_bd722943,True,MOD616746,pending,887978411,2025-09-24T16:49:39.925373
ASG467978,CRS583398,2025-09-24T16:49:39.927373,pa_3acfe367,True,MOD624828,pending,887978411,2025-09-24T16:49:39.927373
ASG525213,CRS430230,2025-09-24T16:49:39.928373,pa_7caac6cb,True,MOD517327,pending,699356577,2025-09-24T16:49:39.928373
ASG447003,CRS430230,2025-09-24T16:49:39.928373,pa_5f9ee163,True,MOD986258,pending,699356577,2025-09-24T16:49:39.928373
ASG382587,CRS430230,2025-09-24T16:49:39.928373,pa_b59788c7,True,MOD909075,pending,699356577,2025-09-24T16:49:39.928373
ASG313401,CRS261592,2025-09-24T16:49:39.929374,pa_be013247,True,MOD633349,pending,699356577,2025-09-24T16:49:39.929374
ASG268002,CRS261592,2025-09-24T16:49:39.929374,pa_795d823a,True,MOD444415,pending,699356577,2025-09-24T16:49:39.929374
ASG727651,CRS831057,2025-09-24T16:49:39.929374,pa_0735c990,True,MOD559644,pending,699356577,2025-09-24T16:49:39.929374
ASG176760,CRS831057,2025-09-24T16:49:39.929374,pa_fa5298d6,True,MOD913915,pending,699356577,2025-09-24T16:49:39.929374
ASG251765,CRS831057,2025-09-24T16:49:39.929374,pa_b15a2e81,True,MOD415464,pending,699356577,2025-09-24T16:49:39.929374
ASG924252,CRS831057,2025-09-24T16:49:39.931394,pa_ee1c7e09,True,MOD627975,pending,699356577,2025-09-24T16:49:39.931394
ASG984246,CRS831057,2025-09-24T16:49:39.931394,pa_3e4a9ccc,True,MOD627975,pending,699356577,2025-09-24T16:49:39.931394
ASG221221,CRS831057,2025-09-24T16:49:39.931394,pa_b38e0f04,True,MOD824980,pending,699356577,2025-09-24T16:49:39.931394
ASG482072,CRS831057,2025-09-24T16:49:39.931394,pa_e6448605,True,MOD214559,pending,699356577,2025-09-24T16:49:39.931394
ASG004712,CRS831057,2025-09-24T16:49:39.931394,pa_359bf9d6,True,MOD214559,pending,699356577,2025-09-24T16:49:39.931394
ASG864612,CRS583398,2025-09-24T16:49:39.933393,pa_b1beb9cd,True,MOD646818,pending,699356577,2025-09-24T16:49:39.933393
ASG484417,CRS583398,2025-09-24T16:49:39.933393,pa_9591a4c7,True,MOD780422,pending,699356577,2025-09-24T16:49:39.933393
ASG798030,CRS583398,2025-09-24T16:49:39.933393,pa_77d844d8,True,MOD217930,pending,699356577,2025-09-24T16:49:39.933393
ASG622917,CRS583398,2025-09-24T16:49:39.933393,pa_a3fb6756,True,MOD399152,pending,699356577,2025-09-24T16:49:39.933393
